"","row","year","date","color"
"1",1,2009,20090325,"#1B1C1C"
"2",2,2009,20090326,"#1B1C1C"
"3",3,2009,20090327,"#1B1C1C"
"4",4,2009,20090328,"#1B1C1C"
"5",5,2009,20090329,"#1F1E1E"
"6",6,2009,20090330,"#36577B"
"7",7,2009,20090331,"#343E48"
"8",8,2009,20090401,"#181817"
"9",9,2009,20090402,"#4F4C4D"
"10",10,2009,20090403,"#141414"
"11",11,2009,20090404,"#555255"
"12",12,2009,20090405,"#2A2724"
"13",13,2009,20090406,"#1A1A1A"
"14",14,2009,20090407,"#4B4849"
"15",15,2009,20090408,"#22211F"
"16",16,2009,20090409,"#252423"
"17",17,2009,20090410,"#18191A"
"18",18,2009,20090411,"#2C2927"
"19",19,2009,20090412,"#20201E"
"20",20,2009,20090413,"#222222"
"21",21,2009,20090414,"#1A1A1A"
"22",22,2009,20090415,"#1F1E1D"
"23",23,2009,20090416,"#1E1D1C"
"24",24,2009,20090417,"#1F1F1E"
"25",25,2009,20090418,"#1D1D1D"
"26",26,2009,20090419,"#33312F"
"27",27,2009,20090420,"#272623"
"28",28,2009,20090421,"#26231E"
"29",29,2009,20090422,"#595858"
"30",30,2009,20090423,"#818084"
"31",31,2009,20090424,"#2E2C28"
"32",32,2009,20090425,"#1E1F1E"
"33",33,2009,20090426,"#1D1E1E"
"34",34,2009,20090427,"#1D1E1E"
"35",35,2009,20090428,"#202121"
"36",36,2009,20090429,"#292925"
"37",37,2009,20090430,"#252320"
"38",38,2009,20090501,"#30302A"
"39",39,2009,20090502,"#1E201F"
"40",40,2009,20090503,"#181A1A"
"41",41,2009,20090504,"#525251"
"42",42,2009,20090505,"#22221D"
"43",43,2009,20090506,"#33342E"
"44",44,2009,20090507,"#26271E"
"45",45,2009,20090508,"#1E1F1A"
"46",46,2009,20090509,"#262920"
"47",47,2009,20090510,"#23261F"
"48",48,2009,20090511,"#292A20"
"49",49,2009,20090512,"#1A1D17"
"50",50,2009,20090513,"#27291C"
"51",51,2009,20090514,"#24251A"
"52",52,2009,20090515,"#272D1A"
"53",53,2009,20090516,"#202318"
"54",54,2009,20090517,"#50524E"
"55",55,2009,20090518,"#1D2116"
"56",56,2009,20090519,"#24271A"
"57",57,2009,20090520,"#22261B"
"58",58,2009,20090521,"#1F2419"
"59",59,2009,20090522,"#21251C"
"60",60,2009,20090523,"#1E271A"
"61",61,2009,20090524,"#181D12"
"62",62,2009,20090525,"#151B15"
"63",63,2009,20090526,"#1B2019"
"64",64,2009,20090527,"#171D12"
"65",65,2009,20090528,"#4B4F48"
"66",66,2009,20090529,"#3F453F"
"67",67,2009,20090530,"#1E2817"
"68",68,2009,20090531,"#181D17"
"69",69,2009,20090601,"#20251E"
"70",70,2009,20090602,"#1F2519"
"71",71,2009,20090603,"#1D221B"
"72",72,2009,20090604,"#192015"
"73",73,2009,20090605,"#192115"
"74",74,2009,20090606,"#171D15"
"75",75,2009,20090607,"#171B15"
"76",76,2009,20090608,"#212B19"
"77",77,2009,20090609,"#121612"
"78",78,2009,20090610,"#515450"
"79",79,2009,20090611,"#161B13"
"80",80,2009,20090612,"#444843"
"81",81,2009,20090613,"#1A1F19"
"82",82,2009,20090614,"#101511"
"83",83,2009,20090615,"#191E18"
"84",84,2009,20090616,"#151A14"
"85",85,2009,20090617,"#161A16"
"86",86,2009,20090618,"#121611"
"87",87,2009,20090619,"#3E433B"
"88",88,2009,20090620,"#161B16"
"89",89,2009,20090621,"#444843"
"90",90,2009,20090622,"#121613"
"91",91,2009,20090623,"#171D15"
"92",92,2009,20090624,"#1B201A"
"93",93,2009,20090625,"#121512"
"94",94,2009,20090626,"#161916"
"95",95,2009,20090627,"#4C4F4B"
"96",96,2009,20090628,"#171B18"
"97",97,2009,20090629,"#181C17"
"98",98,2009,20090630,"#171C1A"
"99",99,2009,20090701,"#191F17"
"100",100,2009,20090702,"#292E26"
"101",101,2009,20090703,"#141814"
"102",102,2009,20090704,"#191D1A"
"103",103,2009,20090705,"#181D1A"
"104",104,2009,20090706,"#111514"
"105",105,2009,20090707,"#171B18"
"106",106,2009,20090708,"#191D18"
"107",107,2009,20090709,"#101312"
"108",108,2009,20090710,"#151916"
"109",109,2009,20090711,"#161917"
"110",110,2009,20090712,"#1F2718"
"111",111,2009,20090713,"#161B18"
"112",112,2009,20090714,"#181C18"
"113",113,2009,20090715,"#131713"
"114",114,2009,20090716,"#111411"
"115",115,2009,20090717,"#252D22"
"116",116,2009,20090718,"#2A3024"
"117",117,2009,20090722,"#3D403A"
"118",118,2009,20090723,"#131715"
"119",119,2009,20090724,"#161916"
"120",120,2009,20090725,"#151815"
"121",121,2009,20090726,"#181C1A"
"122",122,2009,20090727,"#1A1D18"
"123",123,2009,20090728,"#111616"
"124",124,2009,20090729,"#151816"
"125",125,2009,20090730,"#31352E"
"126",126,2009,20090731,"#151816"
"127",127,2009,20090801,"#3B3D39"
"128",128,2009,20090802,"#181A18"
"129",129,2009,20090803,"#1A1F1A"
"130",130,2009,20090804,"#161917"
"131",131,2009,20090805,"#171B1A"
"132",132,2009,20090806,"#141714"
"133",133,2009,20090807,"#131614"
"134",134,2009,20090808,"#0E1110"
"135",135,2009,20090809,"#121512"
"136",136,2009,20090810,"#4D4F4B"
"137",137,2009,20090811,"#1A1F18"
"138",138,2009,20090812,"#131614"
"139",139,2009,20090813,"#171B16"
"140",140,2009,20090814,"#1A1F18"
"141",141,2009,20090815,"#151816"
"142",142,2009,20090816,"#141715"
"143",143,2009,20090817,"#171B18"
"144",144,2009,20090818,"#161A19"
"145",145,2009,20090819,"#171C19"
"146",146,2009,20090820,"#191D19"
"147",147,2009,20090821,"#181C19"
"148",148,2009,20090822,"#4B4E4B"
"149",149,2009,20090823,"#232621"
"150",150,2009,20090824,"#1A1D15"
"151",151,2009,20090825,"#141615"
"152",152,2009,20090826,"#121413"
"153",153,2009,20090827,"#1A1F18"
"154",154,2009,20090828,"#131613"
"155",155,2009,20090829,"#141816"
"156",156,2009,20090830,"#131815"
"157",157,2009,20090831,"#131513"
"158",158,2009,20090901,"#121311"
"159",159,2009,20090902,"#111311"
"160",160,2009,20090903,"#111311"
"161",161,2009,20090904,"#121311"
"162",162,2009,20090905,"#141513"
"163",163,2009,20090906,"#101211"
"164",164,2009,20090907,"#0F1311"
"165",165,2009,20090908,"#191C16"
"166",166,2009,20090909,"#161815"
"167",167,2009,20090910,"#101311"
"168",168,2009,20090911,"#141715"
"169",169,2009,20090912,"#394148"
"170",170,2009,20090913,"#1D211E"
"171",171,2009,20090914,"#111211"
"172",172,2009,20090915,"#0F100F"
"173",173,2009,20090916,"#0E0E0E"
"174",174,2009,20090917,"#171916"
"175",175,2009,20090918,"#0F0F0F"
"176",176,2009,20090919,"#131413"
"177",177,2009,20090920,"#0E0E0D"
"178",178,2009,20090921,"#0D0D0D"
"179",179,2009,20090922,"#0D0F0F"
"180",180,2009,20090923,"#0B0E10"
"181",181,2009,20090924,"#0C0E10"
"182",182,2009,20090925,"#0B0D0D"
"183",183,2009,20090926,"#0D0D0D"
"184",184,2009,20090927,"#090C0D"
"185",185,2009,20090928,"#1A212C"
"186",186,2009,20090929,"#020202"
"187",187,2009,20090930,"#090A0B"
"188",188,2009,20091001,"#030303"
"189",189,2009,20091002,"#010102"
"190",190,2009,20091003,"#010101"
"191",191,2009,20091004,"#0A0B0C"
"192",192,2009,20091005,"#010101"
"193",193,2009,20091006,"#010101"
"194",194,2009,20091007,"#000000"
"195",195,2009,20091008,"#000000"
"196",196,2009,20091009,"#000000"
"197",197,2009,20091010,"#000000"
"198",198,2009,20091011,"#000000"
"199",199,2009,20091012,"#000000"
"200",200,2009,20091013,"#000000"
"201",201,2009,20091014,"#000000"
"202",202,2009,20091015,"#000000"
"203",203,2009,20091016,"#000000"
"204",204,2009,20091017,"#000000"
"205",205,2009,20091018,"#000000"
"206",206,2009,20091019,"#000000"
"207",207,2009,20091020,"#000000"
"208",208,2009,20091021,"#000000"
"209",209,2009,20091022,"#000000"
"210",210,2009,20091023,"#000000"
"211",211,2009,20091024,"#000000"
"212",212,2009,20091025,"#000000"
"213",213,2009,20091026,"#000000"
"214",214,2009,20091027,"#000000"
"215",215,2009,20091028,"#000000"
"216",216,2009,20091029,"#000000"
"217",217,2009,20091030,"#000000"
"218",218,2009,20091031,"#000000"
"219",219,2009,20091101,"#000000"
"220",220,2009,20091102,"#010101"
"221",221,2009,20091103,"#010101"
"222",222,2009,20091104,"#000000"
"223",223,2009,20091105,"#000000"
"224",224,2009,20091106,"#000000"
"225",225,2009,20091107,"#000000"
"226",226,2009,20091108,"#000000"
"227",227,2009,20091109,"#000000"
"228",228,2009,20091110,"#000000"
"229",229,2009,20091111,"#000000"
"230",230,2009,20091112,"#000000"
"231",231,2009,20091113,"#000000"
"232",232,2009,20091114,"#000000"
"233",233,2009,20091115,"#000000"
"234",234,2009,20091116,"#000000"
"235",235,2009,20091117,"#000000"
"236",236,2009,20091118,"#000000"
"237",237,2009,20091119,"#000000"
"238",238,2009,20091120,"#000000"
"239",239,2009,20091121,"#010101"
"240",240,2009,20091122,"#000000"
"241",241,2009,20091123,"#000000"
"242",242,2009,20091124,"#000000"
"243",243,2009,20091125,"#000000"
"244",244,2009,20091126,"#000000"
"245",245,2009,20091127,"#010101"
"246",246,2009,20091128,"#000000"
"247",247,2009,20091129,"#000000"
"248",248,2009,20091130,"#000000"
"249",249,2009,20091201,"#000000"
"250",250,2009,20091202,"#010101"
"251",251,2009,20091203,"#000000"
"252",252,2009,20091204,"#000000"
"253",253,2009,20091205,"#000000"
"254",254,2009,20091206,"#010101"
"255",255,2009,20091207,"#000000"
"256",256,2009,20091208,"#000000"
"257",257,2009,20091209,"#000000"
"258",258,2009,20091210,"#000000"
"259",259,2009,20091211,"#000000"
"260",260,2009,20091212,"#000000"
"261",261,2009,20091213,"#000000"
"262",262,2009,20091214,"#000000"
"263",263,2009,20091215,"#000000"
"264",264,2009,20091216,"#000000"
"265",265,2009,20091217,"#010101"
"266",266,2009,20091218,"#000000"
"267",267,2009,20091219,"#000000"
"268",268,2009,20091220,"#000000"
"269",269,2009,20091221,"#000000"
"270",270,2009,20091222,"#000000"
"271",271,2009,20091223,"#000000"
"272",272,2009,20091224,"#000000"
"273",273,2009,20091225,"#000000"
"274",274,2009,20091226,"#000000"
"275",275,2009,20091227,"#010101"
"276",276,2009,20091228,"#010101"
"277",277,2009,20091229,"#010101"
"278",278,2009,20091230,"#010101"
"279",279,2009,20091231,"#010101"
"280",280,2010,20100101,"#010101"
"281",281,2010,20100102,"#010101"
"282",282,2010,20100103,"#000000"
"283",283,2010,20100104,"#000000"
"284",284,2010,20100105,"#000000"
"285",285,2010,20100106,"#000000"
"286",286,2010,20100107,"#010101"
"287",287,2010,20100108,"#000000"
"288",288,2010,20100109,"#000000"
"289",289,2010,20100110,"#000000"
"290",290,2010,20100111,"#000000"
"291",291,2010,20100112,"#000000"
"292",292,2010,20100113,"#000000"
"293",293,2010,20100114,"#010101"
"294",294,2010,20100115,"#000000"
"295",295,2010,20100116,"#010101"
"296",296,2010,20100117,"#000000"
"297",297,2010,20100118,"#000000"
"298",298,2010,20100119,"#000000"
"299",299,2010,20100120,"#010101"
"300",300,2010,20100121,"#000000"
"301",301,2010,20100122,"#000000"
"302",302,2010,20100123,"#000000"
"303",303,2010,20100124,"#000000"
"304",304,2010,20100125,"#000000"
"305",305,2010,20100126,"#000000"
"306",306,2010,20100127,"#000000"
"307",307,2010,20100128,"#010101"
"308",308,2010,20100129,"#010101"
"309",309,2010,20100130,"#010101"
"310",310,2010,20100131,"#000000"
"311",311,2010,20100201,"#000000"
"312",312,2010,20100202,"#000000"
"313",313,2010,20100203,"#010101"
"314",314,2010,20100204,"#000000"
"315",315,2010,20100205,"#000000"
"316",316,2010,20100206,"#000000"
"317",317,2010,20100207,"#000000"
"318",318,2010,20100208,"#000000"
"319",319,2010,20100209,"#000000"
"320",320,2010,20100210,"#000000"
"321",321,2010,20100211,"#020202"
"322",322,2010,20100212,"#000000"
"323",323,2010,20100213,"#000000"
"324",324,2010,20100214,"#000000"
"325",325,2010,20100215,"#000000"
"326",326,2010,20100216,"#000000"
"327",327,2010,20100217,"#010101"
"328",328,2010,20100218,"#010101"
"329",329,2010,20100219,"#000000"
"330",330,2010,20100220,"#000000"
"331",331,2010,20100221,"#010101"
"332",332,2010,20100222,"#000000"
"333",333,2010,20100223,"#010101"
"334",334,2010,20100224,"#010101"
"335",335,2010,20100225,"#010101"
"336",336,2010,20100226,"#000000"
"337",337,2010,20100227,"#010101"
"338",338,2010,20100228,"#010101"
"339",339,2010,20100301,"#010101"
"340",340,2010,20100302,"#000000"
"341",341,2010,20100303,"#000001"
"342",342,2010,20100304,"#000000"
"343",343,2010,20100305,"#010101"
"344",344,2010,20100306,"#000000"
"345",345,2010,20100307,"#000000"
"346",346,2010,20100308,"#000000"
"347",347,2010,20100309,"#000000"
"348",348,2010,20100310,"#000000"
"349",349,2010,20100311,"#000000"
"350",350,2010,20100312,"#000000"
"351",351,2010,20100313,"#000000"
"352",352,2010,20100314,"#151C27"
"353",353,2010,20100315,"#1A202B"
"354",354,2010,20100316,"#121922"
"355",355,2010,20100317,"#15161A"
"356",356,2010,20100318,"#16171B"
"357",357,2010,20100319,"#16171A"
"358",358,2010,20100320,"#16191C"
"359",359,2010,20100321,"#18191C"
"360",360,2010,20100323,"#34547B"
"361",361,2010,20100324,"#404C66"
"362",362,2010,20100325,"#161617"
"363",363,2010,20100326,"#1C1F23"
"364",364,2010,20100327,"#171717"
"365",365,2010,20100328,"#151719"
"366",366,2010,20100329,"#374963"
"367",367,2010,20100330,"#3A3641"
"368",368,2010,20100331,"#1F242D"
"369",369,2010,20100401,"#1C1E22"
"370",370,2010,20100402,"#171818"
"371",371,2010,20100403,"#191A1B"
"372",372,2010,20100404,"#191919"
"373",373,2010,20100405,"#1F1F1F"
"374",374,2010,20100406,"#232220"
"375",375,2010,20100407,"#292623"
"376",376,2010,20100408,"#171819"
"377",377,2010,20100409,"#21201E"
"378",378,2010,20100410,"#1E1D1D"
"379",379,2010,20100411,"#1B1A19"
"380",380,2010,20100412,"#1B1B1A"
"381",381,2010,20100413,"#191A1A"
"382",382,2010,20100414,"#1C1D1C"
"383",383,2010,20100415,"#1D1C1B"
"384",384,2010,20100416,"#202223"
"385",385,2010,20100417,"#1A1917"
"386",386,2010,20100418,"#262523"
"387",387,2010,20100419,"#272727"
"388",388,2010,20100420,"#1D1D1C"
"389",389,2010,20100421,"#1C1D1D"
"390",390,2010,20100422,"#1E1F1D"
"391",391,2010,20100423,"#212220"
"392",392,2010,20100424,"#21201E"
"393",393,2010,20100425,"#22231F"
"394",394,2010,20100426,"#262925"
"395",395,2010,20100427,"#21211D"
"396",396,2010,20100428,"#2F2F27"
"397",397,2010,20100429,"#2A2921"
"398",398,2010,20100430,"#262520"
"399",399,2010,20100501,"#21211D"
"400",400,2010,20100502,"#373525"
"401",401,2010,20100503,"#20241B"
"402",402,2010,20100504,"#23241C"
"403",403,2010,20100505,"#1F2119"
"404",404,2010,20100506,"#191C15"
"405",405,2010,20100507,"#1B1E17"
"406",406,2010,20100508,"#191E15"
"407",407,2010,20100509,"#2A2E1C"
"408",408,2010,20100510,"#2C351B"
"409",409,2010,20100511,"#1D2018"
"410",410,2010,20100512,"#293119"
"411",411,2010,20100513,"#2F3425"
"412",412,2010,20100514,"#1F2516"
"413",413,2010,20100515,"#1E2219"
"414",414,2010,20100516,"#1D2119"
"415",415,2010,20100517,"#1D1F17"
"416",416,2010,20100518,"#1C2415"
"417",417,2010,20100519,"#2A3027"
"418",418,2010,20100520,"#303628"
"419",419,2010,20100521,"#181B15"
"420",420,2010,20100522,"#131813"
"421",421,2010,20100523,"#151A11"
"422",422,2010,20100524,"#141712"
"423",423,2010,20100525,"#1A1E18"
"424",424,2010,20100526,"#181B16"
"425",425,2010,20100527,"#171B17"
"426",426,2010,20100528,"#131A13"
"427",427,2010,20100531,"#181C16"
"428",428,2010,20100601,"#131612"
"429",429,2010,20100602,"#1A1E1A"
"430",430,2010,20100915,"#111311"
"431",431,2010,20100916,"#0F110F"
"432",432,2010,20100917,"#333F4C"
"433",433,2010,20100918,"#141715"
"434",434,2010,20100919,"#0C0E0E"
"435",435,2010,20100920,"#0E1110"
"436",436,2010,20100921,"#0D0E0D"
"437",437,2010,20100922,"#0B0C0C"
"438",438,2010,20100923,"#07090A"
"439",439,2010,20100924,"#070909"
"440",440,2010,20100925,"#0C0C0C"
"441",441,2010,20100926,"#070707"
"442",442,2010,20100927,"#030404"
"443",443,2010,20100928,"#020303"
"444",444,2010,20100929,"#010101"
"445",445,2010,20100930,"#010101"
"446",446,2010,20101001,"#000000"
"447",447,2010,20101002,"#030303"
"448",448,2010,20101003,"#010101"
"449",449,2010,20101004,"#010101"
"450",450,2010,20101005,"#000000"
"451",451,2010,20101006,"#010101"
"452",452,2010,20101007,"#000000"
"453",453,2010,20101008,"#000000"
"454",454,2010,20101009,"#000000"
"455",455,2010,20101010,"#000000"
"456",456,2010,20101011,"#000000"
"457",457,2010,20101012,"#000000"
"458",458,2010,20101013,"#000000"
"459",459,2010,20101014,"#000000"
"460",460,2010,20101015,"#000000"
"461",461,2010,20101016,"#000000"
"462",462,2010,20101017,"#000000"
"463",463,2010,20101018,"#000000"
"464",464,2010,20101019,"#000000"
"465",465,2010,20101020,"#000000"
"466",466,2010,20101021,"#010101"
"467",467,2010,20101022,"#000000"
"468",468,2010,20101023,"#000000"
"469",469,2010,20101024,"#000000"
"470",470,2010,20101025,"#000000"
"471",471,2010,20101026,"#000000"
"472",472,2010,20101027,"#000000"
"473",473,2010,20101028,"#000000"
"474",474,2010,20101029,"#000000"
"475",475,2010,20101030,"#000000"
"476",476,2010,20101031,"#000000"
"477",477,2010,20101101,"#000000"
"478",478,2010,20101102,"#000000"
"479",479,2010,20101103,"#000000"
"480",480,2010,20101104,"#000000"
"481",481,2010,20101105,"#000000"
"482",482,2010,20101106,"#000000"
"483",483,2010,20101107,"#000000"
"484",484,2010,20101108,"#000000"
"485",485,2010,20101117,"#000000"
"486",486,2010,20101118,"#010101"
"487",487,2010,20101119,"#000000"
"488",488,2010,20101120,"#000000"
"489",489,2010,20101121,"#010101"
"490",490,2010,20101122,"#010101"
"491",491,2010,20101123,"#000000"
"492",492,2010,20101124,"#000000"
"493",493,2010,20101125,"#000000"
"494",494,2010,20101126,"#000000"
"495",495,2010,20101127,"#000000"
"496",496,2010,20101128,"#000000"
"497",497,2010,20101129,"#000000"
"498",498,2010,20101130,"#000000"
"499",499,2010,20101201,"#000000"
"500",500,2010,20101202,"#000000"
"501",501,2010,20101203,"#010101"
"502",502,2010,20101204,"#000000"
"503",503,2010,20101205,"#000000"
"504",504,2010,20101206,"#000000"
"505",505,2010,20101207,"#000000"
"506",506,2010,20101208,"#000000"
"507",507,2010,20101209,"#000000"
"508",508,2010,20101210,"#000000"
"509",509,2010,20101211,"#000000"
"510",510,2010,20101212,"#000000"
"511",511,2010,20101213,"#000000"
"512",512,2010,20101214,"#000000"
"513",513,2010,20101215,"#000000"
"514",514,2010,20101216,"#010101"
"515",515,2010,20101217,"#010101"
"516",516,2010,20101218,"#010101"
"517",517,2010,20101219,"#010101"
"518",518,2010,20101220,"#010101"
"519",519,2010,20101221,"#010101"
"520",520,2010,20101222,"#010101"
"521",521,2010,20101223,"#000000"
"522",522,2010,20101224,"#000000"
"523",523,2010,20101225,"#000000"
"524",524,2010,20101226,"#000000"
"525",525,2010,20101227,"#010101"
"526",526,2010,20101228,"#000000"
"527",527,2010,20101229,"#010101"
"528",528,2010,20101230,"#010101"
"529",529,2010,20101231,"#000000"
"530",530,2011,20110101,"#000000"
"531",531,2011,20110102,"#000000"
"532",532,2011,20110103,"#000000"
"533",533,2011,20110104,"#010101"
"534",534,2011,20110105,"#010101"
"535",535,2011,20110106,"#010101"
"536",536,2011,20110107,"#010101"
"537",537,2011,20110108,"#040404"
"538",538,2011,20110109,"#020101"
"539",539,2011,20110110,"#010101"
"540",540,2011,20110111,"#010101"
"541",541,2011,20110112,"#010101"
"542",542,2011,20110113,"#030303"
"543",543,2011,20110114,"#020202"
"544",544,2011,20110115,"#020201"
"545",545,2011,20110116,"#020202"
"546",546,2011,20110117,"#020202"
"547",547,2011,20110118,"#010101"
"548",548,2011,20110119,"#010101"
"549",549,2011,20110120,"#010101"
"550",550,2011,20110121,"#010101"
"551",551,2011,20110122,"#000000"
"552",552,2011,20110123,"#000000"
"553",553,2011,20110124,"#000000"
"554",554,2011,20110125,"#000000"
"555",555,2011,20110126,"#000000"
"556",556,2011,20110127,"#010101"
"557",557,2011,20110128,"#000000"
"558",558,2011,20110129,"#010101"
"559",559,2011,20110130,"#000000"
"560",560,2011,20110131,"#000000"
"561",561,2011,20110201,"#010101"
"562",562,2011,20110202,"#020202"
"563",563,2011,20110203,"#000000"
"564",564,2011,20110204,"#010101"
"565",565,2011,20110205,"#000000"
"566",566,2011,20110206,"#010101"
"567",567,2011,20110207,"#000000"
"568",568,2011,20110208,"#010101"
"569",569,2011,20110209,"#010101"
"570",570,2011,20110210,"#010101"
"571",571,2011,20110211,"#010101"
"572",572,2011,20110212,"#010101"
"573",573,2011,20110213,"#010101"
"574",574,2011,20110214,"#010101"
"575",575,2011,20110215,"#010101"
"576",576,2011,20110216,"#020202"
"577",577,2011,20110217,"#010101"
"578",578,2011,20110218,"#020202"
"579",579,2011,20110219,"#010101"
"580",580,2011,20110220,"#000000"
"581",581,2011,20110221,"#000000"
"582",582,2011,20110222,"#010101"
"583",583,2011,20110223,"#000000"
"584",584,2011,20110224,"#000000"
"585",585,2011,20110225,"#010101"
"586",586,2011,20110226,"#010101"
"587",587,2011,20110227,"#000000"
"588",588,2011,20110228,"#000000"
"589",589,2011,20110301,"#000000"
"590",590,2011,20110302,"#000000"
"591",591,2011,20110303,"#000000"
"592",592,2011,20110304,"#000000"
"593",593,2011,20110305,"#010101"
"594",594,2011,20110306,"#010101"
"595",595,2011,20110307,"#000000"
"596",596,2011,20110308,"#000000"
"597",597,2011,20110309,"#000000"
"598",598,2011,20110310,"#000000"
"599",599,2011,20110311,"#000000"
"600",600,2011,20110312,"#000000"
"601",601,2011,20110313,"#2F3244"
"602",602,2011,20110314,"#1C202B"
"603",603,2011,20110315,"#171E29"
"604",604,2011,20110317,"#1E2028"
"605",605,2011,20110318,"#1B232F"
"606",606,2011,20110330,"#595361"
"607",607,2011,20110331,"#46475A"
"608",608,2011,20110401,"#788EB0"
"609",609,2011,20110402,"#698EBB"
"610",610,2011,20110403,"#41404A"
"611",611,2011,20110404,"#282C33"
"612",612,2011,20110405,"#44495C"
"613",613,2011,20110406,"#45444A"
"614",614,2011,20110407,"#515667"
"615",615,2011,20110408,"#2F2F31"
"616",616,2011,20110409,"#393B45"
"617",617,2011,20110410,"#373232"
"618",618,2011,20110411,"#4A4953"
"619",619,2011,20110412,"#575050"
"620",620,2011,20110413,"#484A57"
"621",621,2011,20110414,"#858EA3"
"622",622,2011,20110415,"#303235"
"623",623,2011,20110416,"#393837"
"624",624,2011,20110417,"#868893"
"625",625,2011,20110418,"#2E3034"
"626",626,2011,20110419,"#3D434E"
"627",627,2011,20110420,"#888891"
"628",628,2011,20110421,"#35383B"
"629",629,2011,20110422,"#4D4542"
"630",630,2011,20110423,"#404146"
"631",631,2011,20110424,"#8A8E95"
"632",632,2011,20110425,"#525151"
"633",633,2011,20110426,"#36393B"
"634",634,2011,20110427,"#3B3A38"
"635",635,2011,20110428,"#8B8B8B"
"636",636,2011,20110429,"#3A3833"
"637",637,2011,20110430,"#514E4B"
"638",638,2011,20110501,"#353332"
"639",639,2011,20110502,"#2B2F31"
"640",640,2011,20110503,"#3A3A36"
"641",641,2011,20110504,"#4C4B43"
"642",642,2011,20110505,"#3D3F3B"
"643",643,2011,20110506,"#433F37"
"644",644,2011,20110507,"#3D3F3B"
"645",645,2011,20110508,"#3A3935"
"646",646,2011,20110509,"#514E43"
"647",647,2011,20110510,"#3C3B36"
"648",648,2011,20110511,"#3C3D31"
"649",649,2011,20110512,"#32372F"
"650",650,2011,20110513,"#3B3D31"
"651",651,2011,20110514,"#55593E"
"652",652,2011,20110515,"#464A32"
"653",653,2011,20110516,"#8B8C8B"
"654",654,2011,20110517,"#898888"
"655",655,2011,20110518,"#898988"
"656",656,2011,20110519,"#8A8A8A"
"657",657,2011,20110520,"#878988"
"658",658,2011,20110521,"#585E32"
"659",659,2011,20110522,"#313A30"
"660",660,2011,20110523,"#616958"
"661",661,2011,20110524,"#888A87"
"662",662,2011,20110525,"#2C372A"
"663",663,2011,20110526,"#37402C"
"664",664,2011,20110527,"#324038"
"665",665,2011,20110528,"#364438"
"666",666,2011,20110529,"#323D2D"
"667",667,2011,20110530,"#323F32"
"668",668,2011,20110531,"#2F3C2F"
"669",669,2011,20110601,"#2E3A2E"
"670",670,2011,20110602,"#516247"
"671",671,2011,20110603,"#212C25"
"672",672,2011,20110604,"#29352A"
"673",673,2011,20110605,"#2E3929"
"674",674,2011,20110606,"#2C382A"
"675",675,2011,20110607,"#2F3A2C"
"676",676,2011,20110608,"#3D4B3A"
"677",677,2011,20110609,"#333E34"
"678",678,2011,20110610,"#2F3D30"
"679",679,2011,20110611,"#2F3B29"
"680",680,2011,20110612,"#898986"
"681",681,2011,20110613,"#384531"
"682",682,2011,20110614,"#455030"
"683",683,2011,20110615,"#333D2B"
"684",684,2011,20110616,"#2C362C"
"685",685,2011,20110617,"#2B362D"
"686",686,2011,20110618,"#273127"
"687",687,2011,20110619,"#303C32"
"688",688,2011,20110620,"#2A3224"
"689",689,2011,20110621,"#2E382A"
"690",690,2011,20110622,"#3D4A3F"
"691",691,2011,20110623,"#8B8C8A"
"692",692,2011,20110624,"#858784"
"693",693,2011,20110625,"#898A87"
"694",694,2011,20110626,"#3E4A38"
"695",695,2011,20110627,"#1F2823"
"696",696,2011,20110628,"#263027"
"697",697,2011,20110629,"#38463D"
"698",698,2011,20110630,"#27312A"
"699",699,2011,20110701,"#2E382C"
"700",700,2011,20110702,"#2E382C"
"701",701,2011,20110703,"#1A2526"
"702",702,2011,20110704,"#3E4840"
"703",703,2011,20110705,"#253028"
"704",704,2011,20110706,"#2B352D"
"705",705,2011,20110707,"#3B4438"
"706",706,2011,20110708,"#232D29"
"707",707,2011,20110709,"#4C554D"
"708",708,2011,20110710,"#2D372C"
"709",709,2011,20110711,"#242F28"
"710",710,2011,20110712,"#313D38"
"711",711,2011,20110713,"#2C3630"
"712",712,2011,20110714,"#1D2726"
"713",713,2011,20110715,"#2D372B"
"714",714,2011,20110716,"#2B342A"
"715",715,2011,20110717,"#2E3930"
"716",716,2011,20110718,"#2D3731"
"717",717,2011,20110719,"#333F3B"
"718",718,2011,20110720,"#2B362E"
"719",719,2011,20110721,"#333F38"
"720",720,2011,20110722,"#323E39"
"721",721,2011,20110723,"#293027"
"722",722,2011,20110724,"#26302F"
"723",723,2011,20110725,"#26312F"
"724",724,2011,20110726,"#60665B"
"725",725,2011,20110727,"#242D27"
"726",726,2011,20110728,"#2F3628"
"727",727,2011,20110729,"#2C392F"
"728",728,2011,20110730,"#7C7E79"
"729",729,2011,20110731,"#262F29"
"730",730,2011,20110801,"#202C26"
"731",731,2011,20110802,"#222E2C"
"732",732,2011,20110803,"#262F27"
"733",733,2011,20110804,"#495838"
"734",734,2011,20110805,"#3E452E"
"735",735,2011,20110806,"#2C362F"
"736",736,2011,20110807,"#303B34"
"737",737,2011,20110808,"#323E3B"
"738",738,2011,20110809,"#262F2C"
"739",739,2011,20110810,"#878787"
"740",740,2011,20110811,"#293427"
"741",741,2011,20110812,"#23281F"
"742",742,2011,20110813,"#222A25"
"743",743,2011,20110814,"#2A342C"
"744",744,2011,20110815,"#8B8B8B"
"745",745,2011,20110816,"#6D787B"
"746",746,2011,20110817,"#1F2826"
"747",747,2011,20110818,"#1C2625"
"748",748,2011,20110819,"#374032"
"749",749,2011,20110820,"#4F564A"
"750",750,2011,20110821,"#232B29"
"751",751,2011,20110822,"#3D4634"
"752",752,2011,20110823,"#222A23"
"753",753,2011,20110824,"#1F241F"
"754",754,2011,20110825,"#232C27"
"755",755,2011,20110826,"#3C493E"
"756",756,2011,20110827,"#273220"
"757",757,2011,20110828,"#656D66"
"758",758,2011,20110902,"#343D2D"
"759",759,2011,20110903,"#263026"
"760",760,2011,20110904,"#3A4948"
"761",761,2011,20110905,"#3F4E53"
"762",762,2011,20110906,"#394939"
"763",763,2011,20110907,"#354042"
"764",764,2011,20110908,"#6B7790"
"765",765,2011,20110909,"#313B2F"
"766",766,2011,20110910,"#21261E"
"767",767,2011,20110911,"#292B27"
"768",768,2011,20110912,"#212623"
"769",769,2011,20110913,"#2F3230"
"770",770,2011,20110914,"#232A2D"
"771",771,2011,20110915,"#1A2128"
"772",772,2011,20110916,"#141516"
"773",773,2011,20110917,"#101313"
"774",774,2011,20110918,"#131414"
"775",775,2011,20110919,"#121414"
"776",776,2011,20110920,"#0F1516"
"777",777,2011,20110921,"#0A0B0C"
"778",778,2011,20110922,"#040505"
"779",779,2011,20111130,"#6B635B"
"780",780,2011,20111201,"#6C6562"
"781",781,2011,20111202,"#615850"
"782",782,2011,20111203,"#655E5B"
"783",783,2011,20111204,"#655E58"
"784",784,2011,20111205,"#605B54"
"785",785,2011,20111206,"#878889"
"786",786,2011,20111207,"#8D8E8F"
"787",787,2011,20111208,"#393D41"
"788",788,2011,20111209,"#635C56"
"789",789,2011,20111210,"#625B55"
"790",790,2011,20111211,"#66615E"
"791",791,2011,20111212,"#665F5A"
"792",792,2011,20111213,"#676260"
"793",793,2011,20111214,"#515253"
"794",794,2011,20111215,"#3F4140"
"795",795,2011,20111216,"#776E65"
"796",796,2011,20111217,"#3D3D3C"
"797",797,2011,20111218,"#6A6461"
"798",798,2011,20111219,"#716961"
"799",799,2011,20111220,"#36383C"
"800",800,2011,20111221,"#8F8F8F"
"801",801,2011,20111222,"#514E4C"
"802",802,2011,20111223,"#414242"
"803",803,2011,20111224,"#6B6563"
"804",804,2011,20111225,"#6A635B"
"805",805,2011,20111226,"#5F5D5D"
"806",806,2011,20111227,"#454443"
"807",807,2011,20111228,"#292B2B"
"808",808,2011,20111229,"#5D5855"
"809",809,2011,20111230,"#4B4B4A"
"810",810,2011,20111231,"#8A9099"
"811",811,2012,20120101,"#6D6660"
"812",812,2012,20120102,"#353433"
"813",813,2012,20120103,"#676463"
"814",814,2012,20120104,"#3F4042"
"815",815,2012,20120105,"#524E4B"
"816",816,2012,20120106,"#6E665F"
"817",817,2012,20120107,"#6C645C"
"818",818,2012,20120108,"#4E4D4D"
"819",819,2012,20120109,"#6B635F"
"820",820,2012,20120110,"#524F4E"
"821",821,2012,20120111,"#6C6561"
"822",822,2012,20120112,"#4A4D50"
"823",823,2012,20120113,"#353A3E"
"824",824,2012,20120114,"#595451"
"825",825,2012,20120115,"#5E5A59"
"826",826,2012,20120116,"#38393C"
"827",827,2012,20120117,"#8C8D8F"
"828",828,2012,20120118,"#35373A"
"829",829,2012,20120119,"#605B5A"
"830",830,2012,20120120,"#5E5B5B"
"831",831,2012,20120121,"#71757A"
"832",832,2012,20120122,"#565555"
"833",833,2012,20120123,"#898E93"
"834",834,2012,20120124,"#726C66"
"835",835,2012,20120125,"#4A4847"
"836",836,2012,20120126,"#383D42"
"837",837,2012,20120127,"#909294"
"838",838,2012,20120128,"#676361"
"839",839,2012,20120129,"#605955"
"840",840,2012,20120130,"#625C57"
"841",841,2012,20120131,"#68625C"
"842",842,2012,20120201,"#6F6860"
"843",843,2012,20120202,"#404142"
"844",844,2012,20120203,"#696361"
"845",845,2012,20120204,"#414143"
"846",846,2012,20120205,"#656263"
"847",847,2012,20120206,"#69635F"
"848",848,2012,20120207,"#454444"
"849",849,2012,20120208,"#6E6661"
"850",850,2012,20120209,"#6D6766"
"851",851,2012,20120210,"#69625D"
"852",852,2012,20120211,"#4B4E52"
"853",853,2012,20120212,"#5A5756"
"854",854,2012,20120213,"#676260"
"855",855,2012,20120214,"#3A3B3D"
"856",856,2012,20120215,"#545555"
"857",857,2012,20120216,"#4B4D4F"
"858",858,2012,20120217,"#3C3F42"
"859",859,2012,20120218,"#393939"
"860",860,2012,20120219,"#6A6564"
"861",861,2012,20120220,"#696769"
"862",862,2012,20120221,"#6A635E"
"863",863,2012,20120222,"#6B6562"
"864",864,2012,20120223,"#65605C"
"865",865,2012,20120224,"#878C93"
"866",866,2012,20120225,"#474848"
"867",867,2012,20120226,"#656161"
"868",868,2012,20120227,"#686360"
"869",869,2012,20120228,"#6E6965"
"870",870,2012,20120229,"#7A7A7B"
"871",871,2012,20120301,"#5B5E62"
"872",872,2012,20120302,"#4A4F55"
"873",873,2012,20120303,"#474A4D"
"874",874,2012,20120304,"#404144"
"875",875,2012,20120305,"#5F5D5E"
"876",876,2012,20120306,"#5E5C5E"
"877",877,2012,20120307,"#64605F"
"878",878,2012,20120308,"#6D6863"
"879",879,2012,20120309,"#6A645E"
"880",880,2012,20120310,"#666260"
"881",881,2012,20120311,"#6A6665"
"882",882,2012,20120312,"#6A6562"
"883",883,2012,20120313,"#484746"
"884",884,2012,20120314,"#6A6563"
"885",885,2012,20120315,"#6E6D6D"
"886",886,2012,20120316,"#8E9194"
"887",887,2012,20120317,"#676669"
"888",888,2012,20120318,"#6A6B6F"
"889",889,2012,20120319,"#6B6762"
"890",890,2012,20120320,"#646365"
"891",891,2012,20120321,"#494C4E"
"892",892,2012,20120322,"#6A6B6F"
"893",893,2012,20120323,"#3D3F42"
"894",894,2012,20120324,"#3C3D3F"
"895",895,2012,20120325,"#414242"
"896",896,2012,20120326,"#696C72"
"897",897,2012,20120327,"#65676E"
"898",898,2012,20120328,"#565757"
"899",899,2012,20120329,"#484A4B"
"900",900,2012,20120330,"#646366"
"901",901,2012,20120331,"#4F565E"
"902",902,2012,20120401,"#3B3D3E"
"903",903,2012,20120402,"#6E6F73"
"904",904,2012,20120403,"#626266"
"905",905,2012,20120404,"#676668"
"906",906,2012,20120405,"#4B4B4D"
"907",907,2012,20120406,"#62636A"
"908",908,2012,20120407,"#626265"
"909",909,2012,20120408,"#635F5F"
"910",910,2012,20120409,"#524F4B"
"911",911,2012,20120410,"#303231"
"912",912,2012,20120411,"#343432"
"913",913,2012,20120412,"#3B3C3B"
"914",914,2012,20120413,"#62615E"
"915",915,2012,20120414,"#5F5C56"
"916",916,2012,20120415,"#41413B"
"917",917,2012,20120416,"#58574D"
"918",918,2012,20120417,"#605E53"
"919",919,2012,20120418,"#4D4B43"
"920",920,2012,20120419,"#63645E"
"921",921,2012,20120420,"#66665C"
"922",922,2012,20120421,"#5B594E"
"923",923,2012,20120422,"#42443B"
"924",924,2012,20120423,"#474A42"
"925",925,2012,20120424,"#585A4B"
"926",926,2012,20120425,"#4A4C40"
"927",927,2012,20120426,"#3D3E36"
"928",928,2012,20120427,"#5C5E4E"
"929",929,2012,20120428,"#58594A"
"930",930,2012,20120429,"#606457"
"931",931,2012,20120430,"#565544"
"932",932,2012,20120501,"#83898A"
"933",933,2012,20120502,"#424437"
"934",934,2012,20120503,"#858787"
"935",935,2012,20120504,"#6A6D69"
"936",936,2012,20120505,"#414533"
"937",937,2012,20120506,"#373C2E"
"938",938,2012,20120507,"#444B34"
"939",939,2012,20120508,"#4D553B"
"940",940,2012,20120509,"#565C49"
"941",941,2012,20120510,"#373C2B"
"942",942,2012,20120511,"#545D37"
"943",943,2012,20120512,"#5C6944"
"944",944,2012,20120513,"#5B683A"
"945",945,2012,20120514,"#4B5A38"
"946",946,2012,20120515,"#68705D"
"947",947,2012,20120516,"#465537"
"948",948,2012,20120517,"#4F6838"
"949",949,2012,20120518,"#526B3B"
"950",950,2012,20120519,"#4F6A3A"
"951",951,2012,20120520,"#4F6838"
"952",952,2012,20120521,"#394830"
"953",953,2012,20120522,"#586250"
"954",954,2012,20120523,"#303F27"
"955",955,2012,20120524,"#32422D"
"956",956,2012,20120525,"#898D8A"
"957",957,2012,20120526,"#3E4C3A"
"958",958,2012,20120527,"#4C613E"
"959",959,2012,20120528,"#4D6038"
"960",960,2012,20120529,"#465B39"
"961",961,2012,20120530,"#34442C"
"962",962,2012,20120531,"#455C34"
"963",963,2012,20120601,"#3B4D2F"
"964",964,2012,20120602,"#696F66"
"965",965,2012,20120603,"#33442F"
"966",966,2012,20120604,"#3A4930"
"967",967,2012,20120605,"#546B3E"
"968",968,2012,20120606,"#384730"
"969",969,2012,20120607,"#425533"
"970",970,2012,20120608,"#455936"
"971",971,2012,20120609,"#364431"
"972",972,2012,20120610,"#344431"
"973",973,2012,20120611,"#435533"
"974",974,2012,20120612,"#364331"
"975",975,2012,20120613,"#3A4D33"
"976",976,2012,20120614,"#3B4D31"
"977",977,2012,20120615,"#3F5A3E"
"978",978,2012,20120616,"#31402F"
"979",979,2012,20120617,"#3E5134"
"980",980,2012,20120618,"#384733"
"981",981,2012,20120619,"#3D493A"
"982",982,2012,20120620,"#4D5F44"
"983",983,2012,20120621,"#4A5E45"
"984",984,2012,20120622,"#546648"
"985",985,2012,20120623,"#435536"
"986",986,2012,20120624,"#445639"
"987",987,2012,20120625,"#405139"
"988",988,2012,20120626,"#384932"
"989",989,2012,20120627,"#415537"
"990",990,2012,20120628,"#44593B"
"991",991,2012,20120629,"#475A3D"
"992",992,2012,20120630,"#475A3A"
"993",993,2012,20120701,"#45583A"
"994",994,2012,20120702,"#2C392E"
"995",995,2012,20120703,"#45583D"
"996",996,2012,20120704,"#485839"
"997",997,2012,20120705,"#3C4B35"
"998",998,2012,20120706,"#465B3E"
"999",999,2012,20120707,"#495A3A"
"1000",1000,2012,20120708,"#45563B"
"1001",1001,2012,20120709,"#445738"
"1002",1002,2012,20120710,"#41573B"
"1003",1003,2012,20120711,"#435334"
"1004",1004,2012,20120712,"#47593B"
"1005",1005,2012,20120713,"#41503A"
"1006",1006,2012,20120714,"#485C3E"
"1007",1007,2012,20120715,"#3C4B3B"
"1008",1008,2012,20120716,"#46583C"
"1009",1009,2012,20120717,"#46593E"
"1010",1010,2012,20120718,"#4A5B3F"
"1011",1011,2012,20120719,"#465739"
"1012",1012,2012,20120720,"#5D6457"
"1013",1013,2012,20120721,"#41563B"
"1014",1014,2012,20120722,"#445437"
"1015",1015,2012,20120723,"#42563B"
"1016",1016,2012,20120724,"#45573C"
"1017",1017,2012,20120725,"#405840"
"1018",1018,2012,20120726,"#45573A"
"1019",1019,2012,20120727,"#2F3A2D"
"1020",1020,2012,20120728,"#364435"
"1021",1021,2012,20120729,"#4C544A"
"1022",1022,2012,20120730,"#2F3A2F"
"1023",1023,2012,20120731,"#2A3328"
"1024",1024,2012,20120801,"#323F31"
"1025",1025,2012,20120802,"#445A40"
"1026",1026,2012,20120803,"#303D31"
"1027",1027,2012,20120804,"#405041"
"1028",1028,2012,20120805,"#3B4A37"
"1029",1029,2012,20120806,"#3B4A32"
"1030",1030,2012,20120807,"#405236"
"1031",1031,2012,20120808,"#415235"
"1032",1032,2012,20120809,"#2E3D37"
"1033",1033,2012,20120810,"#62695C"
"1034",1034,2012,20120811,"#404E40"
"1035",1035,2012,20120812,"#435637"
"1036",1036,2012,20120813,"#455437"
"1037",1037,2012,20120814,"#323B2B"
"1038",1038,2012,20120815,"#273227"
"1039",1039,2012,20120816,"#455637"
"1040",1040,2012,20120817,"#48593C"
"1041",1041,2012,20120818,"#3F5136"
"1042",1042,2012,20120819,"#313D2C"
"1043",1043,2012,20120820,"#384632"
"1044",1044,2012,20120821,"#40543C"
"1045",1045,2012,20120822,"#415137"
"1046",1046,2012,20120823,"#475838"
"1047",1047,2012,20120824,"#435238"
"1048",1048,2012,20120825,"#45553B"
"1049",1049,2012,20120826,"#475C41"
"1050",1050,2012,20120827,"#414E37"
"1051",1051,2012,20120828,"#364333"
"1052",1052,2012,20120829,"#495D44"
"1053",1053,2012,20120830,"#47593F"
"1054",1054,2012,20120831,"#4C5B3B"
"1055",1055,2012,20120901,"#536242"
"1056",1056,2012,20120902,"#242D29"
"1057",1057,2012,20120903,"#3C4832"
"1058",1058,2012,20120904,"#63685F"
"1059",1059,2012,20120905,"#414F33"
"1060",1060,2012,20120906,"#3C4833"
"1061",1061,2012,20120907,"#455336"
"1062",1062,2012,20120908,"#7A7E7A"
"1063",1063,2012,20120909,"#425037"
"1064",1064,2012,20120910,"#4C5A35"
"1065",1065,2012,20120911,"#3D4B33"
"1066",1066,2012,20120912,"#495A40"
"1067",1067,2012,20120913,"#515F41"
"1068",1068,2012,20120914,"#525E3D"
"1069",1069,2012,20120915,"#4C5839"
"1070",1070,2012,20120916,"#4C5738"
"1071",1071,2012,20120917,"#4D5737"
"1072",1072,2012,20120918,"#565D51"
"1073",1073,2012,20120919,"#4B5539"
"1074",1074,2012,20120920,"#384134"
"1075",1075,2012,20120921,"#4E5C46"
"1076",1076,2012,20120922,"#3D4334"
"1077",1077,2012,20120923,"#50593C"
"1078",1078,2012,20120924,"#2C332A"
"1079",1079,2012,20120925,"#51583F"
"1080",1080,2012,20120926,"#3C4133"
"1081",1081,2012,20120927,"#51543E"
"1082",1082,2012,20120928,"#7F8180"
"1083",1083,2012,20120929,"#373A2C"
"1084",1084,2012,20120930,"#35382C"
"1085",1085,2012,20121001,"#52583C"
"1086",1086,2012,20121002,"#484935"
"1087",1087,2012,20121003,"#838889"
"1088",1088,2012,20121004,"#6F716A"
"1089",1089,2012,20121005,"#636347"
"1090",1090,2012,20121006,"#434736"
"1091",1091,2012,20121007,"#393C30"
"1092",1092,2012,20121008,"#4C4B35"
"1093",1093,2012,20121009,"#404131"
"1094",1094,2012,20121010,"#7F8282"
"1095",1095,2012,20121011,"#383B32"
"1096",1096,2012,20121012,"#424232"
"1097",1097,2012,20121013,"#5A5A46"
"1098",1098,2012,20121014,"#50513B"
"1099",1099,2012,20121015,"#444536"
"1100",1100,2012,20121016,"#494836"
"1101",1101,2012,20121017,"#58513D"
"1102",1102,2012,20121018,"#615B47"
"1103",1103,2012,20121019,"#65635A"
"1104",1104,2012,20121020,"#615742"
"1105",1105,2012,20121021,"#484337"
"1106",1106,2012,20121022,"#675C4A"
"1107",1107,2012,20121023,"#383530"
"1108",1108,2012,20121024,"#47433C"
"1109",1109,2012,20121025,"#3A3732"
"1110",1110,2012,20121026,"#44433E"
"1111",1111,2012,20121027,"#484743"
"1112",1112,2012,20121028,"#413F37"
"1113",1113,2012,20121029,"#646564"
"1114",1114,2012,20121101,"#47473F"
"1115",1115,2012,20121102,"#41413C"
"1116",1116,2012,20121103,"#3F3F3A"
"1117",1117,2012,20121104,"#605F5A"
"1118",1118,2012,20121105,"#3F403D"
"1119",1119,2012,20121106,"#66625A"
"1120",1120,2012,20121107,"#636461"
"1121",1121,2012,20121108,"#64605C"
"1122",1122,2012,20121109,"#635E56"
"1123",1123,2012,20121110,"#6C6963"
"1124",1124,2012,20121111,"#6D675D"
"1125",1125,2012,20121112,"#434544"
"1126",1126,2012,20121113,"#3A3C39"
"1127",1127,2012,20121114,"#6A6259"
"1128",1128,2012,20121115,"#46423E"
"1129",1129,2012,20121116,"#3F403E"
"1130",1130,2012,20121117,"#6B6761"
"1131",1131,2012,20121118,"#6C665E"
"1132",1132,2012,20121119,"#686159"
"1133",1133,2012,20121120,"#5E564D"
"1134",1134,2012,20121121,"#67615A"
"1135",1135,2012,20121122,"#6C655D"
"1136",1136,2012,20121123,"#6A6256"
"1137",1137,2012,20121124,"#3B3B39"
"1138",1138,2012,20121125,"#3E3C37"
"1139",1139,2012,20121126,"#333534"
"1140",1140,2012,20121127,"#797D81"
"1141",1141,2012,20121128,"#64605D"
"1142",1142,2012,20121129,"#68615E"
"1143",1143,2012,20121130,"#3F3E3D"
"1144",1144,2012,20121201,"#89898A"
"1145",1145,2012,20121202,"#514E48"
"1146",1146,2012,20121203,"#4A4743"
"1147",1147,2012,20121204,"#888A8B"
"1148",1148,2012,20121205,"#3A3A38"
"1149",1149,2012,20121206,"#685E55"
"1150",1150,2012,20121207,"#484643"
"1151",1151,2012,20121208,"#88898C"
"1152",1152,2012,20121209,"#585048"
"1153",1153,2012,20121210,"#8B8B8D"
"1154",1154,2012,20121211,"#5B564D"
"1155",1155,2012,20121212,"#4E4A46"
"1156",1156,2012,20121213,"#6D6761"
"1157",1157,2012,20121214,"#6B6359"
"1158",1158,2012,20121215,"#6F655C"
"1159",1159,2012,20121216,"#7A7978"
"1160",1160,2012,20121217,"#8C8C8E"
"1161",1161,2012,20121218,"#898989"
"1162",1162,2012,20121219,"#393A39"
"1163",1163,2012,20121220,"#61584F"
"1164",1164,2012,20121221,"#676055"
"1165",1165,2012,20121222,"#5C5754"
"1166",1166,2012,20121223,"#6E665D"
"1167",1167,2012,20121224,"#605750"
"1168",1168,2012,20121225,"#3D3D3D"
"1169",1169,2012,20121226,"#363534"
"1170",1170,2012,20121227,"#84898E"
"1171",1171,2012,20121228,"#5E5B5A"
"1172",1172,2012,20121229,"#404041"
"1173",1173,2012,20121230,"#63605F"
"1174",1174,2012,20121231,"#595757"
"1175",1175,2013,20130101,"#525253"
"1176",1176,2013,20130102,"#67625E"
"1177",1177,2013,20130103,"#635F5E"
"1178",1178,2013,20130104,"#595757"
"1179",1179,2013,20130105,"#68625F"
"1180",1180,2013,20130106,"#696664"
"1181",1181,2013,20130107,"#676361"
"1182",1182,2013,20130108,"#6A6462"
"1183",1183,2013,20130109,"#494C4F"
"1184",1184,2013,20130110,"#5C5957"
"1185",1185,2013,20130111,"#3D3C3C"
"1186",1186,2013,20130112,"#8C9199"
"1187",1187,2013,20130113,"#878B90"
"1188",1188,2013,20130114,"#373735"
"1189",1189,2013,20130115,"#363738"
"1190",1190,2013,20130116,"#808185"
"1191",1191,2013,20130117,"#5D5B5B"
"1192",1192,2013,20130118,"#615E5E"
"1193",1193,2013,20130119,"#575655"
"1194",1194,2013,20130120,"#545252"
"1195",1195,2013,20130121,"#404041"
"1196",1196,2013,20130122,"#696665"
"1197",1197,2013,20130123,"#3E4145"
"1198",1198,2013,20130124,"#615E5E"
"1199",1199,2013,20130125,"#3F4042"
"1200",1200,2013,20130126,"#625F5E"
"1201",1201,2013,20130127,"#625E5E"
"1202",1202,2013,20130128,"#787B7E"
"1203",1203,2013,20130129,"#82888D"
"1204",1204,2013,20130130,"#8D8E8E"
"1205",1205,2013,20130131,"#6E675E"
"1206",1206,2013,20130201,"#5C5651"
"1207",1207,2013,20130202,"#605955"
"1208",1208,2013,20130203,"#4F4D4D"
"1209",1209,2013,20130204,"#454445"
"1210",1210,2013,20130205,"#41403F"
"1211",1211,2013,20130206,"#585148"
"1212",1212,2013,20130207,"#3F3D3D"
"1213",1213,2013,20130208,"#7F8083"
"1214",1214,2013,20130209,"#494C4F"
"1215",1215,2013,20130210,"#62605F"
"1216",1216,2013,20130211,"#878D92"
"1217",1217,2013,20130212,"#6B6766"
"1218",1218,2013,20130213,"#6E6B6A"
"1219",1219,2013,20130214,"#6B6868"
"1220",1220,2013,20130215,"#74706E"
"1221",1221,2013,20130216,"#5C5A5A"
"1222",1222,2013,20130217,"#575758"
"1223",1223,2013,20130218,"#696666"
"1224",1224,2013,20130219,"#51504F"
"1225",1225,2013,20130220,"#525253"
"1226",1226,2013,20130221,"#6E6A67"
"1227",1227,2013,20130222,"#5F5B58"
"1228",1228,2013,20130223,"#909193"
"1229",1229,2013,20130224,"#525252"
"1230",1230,2013,20130225,"#585756"
"1231",1231,2013,20130226,"#4B4B4B"
"1232",1232,2013,20130227,"#787878"
"1233",1233,2013,20130228,"#424547"
"1234",1234,2013,20130301,"#7A726C"
"1235",1235,2013,20130302,"#4D4C4B"
"1236",1236,2013,20130303,"#767778"
"1237",1237,2013,20130304,"#6A6663"
"1238",1238,2013,20130305,"#6B6561"
"1239",1239,2013,20130306,"#46494A"
"1240",1240,2013,20130307,"#767C82"
"1241",1241,2013,20130308,"#737A81"
"1242",1242,2013,20130309,"#6A6766"
"1243",1243,2013,20130310,"#6A6664"
"1244",1244,2013,20130311,"#525050"
"1245",1245,2013,20130312,"#868687"
"1246",1246,2013,20130313,"#6E6761"
"1247",1247,2013,20130314,"#605E5E"
"1248",1248,2013,20130315,"#726C68"
"1249",1249,2013,20130316,"#504C4A"
"1250",1250,2013,20130317,"#65605E"
"1251",1251,2013,20130318,"#4D4846"
"1252",1252,2013,20130319,"#7F8286"
"1253",1253,2013,20130320,"#404346"
"1254",1254,2013,20130321,"#585757"
"1255",1255,2013,20130322,"#58595C"
"1256",1256,2013,20130323,"#656464"
"1257",1257,2013,20130324,"#646262"
"1258",1258,2013,20130325,"#514F4E"
"1259",1259,2013,20130326,"#3C3E40"
"1260",1260,2013,20130327,"#635D59"
"1261",1261,2013,20130328,"#4A4746"
"1262",1262,2013,20130329,"#4D4A47"
"1263",1263,2013,20130330,"#6B6665"
"1264",1264,2013,20130331,"#4C4946"
"1265",1265,2013,20130401,"#67615D"
"1266",1266,2013,20130402,"#6B635D"
"1267",1267,2013,20130403,"#686462"
"1268",1268,2013,20130404,"#6C6765"
"1269",1269,2013,20130405,"#716B67"
"1270",1270,2013,20130406,"#686566"
"1271",1271,2013,20130407,"#645F5B"
"1272",1272,2013,20130408,"#706965"
"1273",1273,2013,20130409,"#68625D"
"1274",1274,2013,20130410,"#484643"
"1275",1275,2013,20130411,"#434341"
"1276",1276,2013,20130412,"#4B4947"
"1277",1277,2013,20130413,"#4E4B49"
"1278",1278,2013,20130414,"#444445"
"1279",1279,2013,20130415,"#4B4744"
"1280",1280,2013,20130416,"#4A4843"
"1281",1281,2013,20130417,"#64605F"
"1282",1282,2013,20130418,"#464340"
"1283",1283,2013,20130419,"#484540"
"1284",1284,2013,20130420,"#41403B"
"1285",1285,2013,20130421,"#676565"
"1286",1286,2013,20130422,"#63605B"
"1287",1287,2013,20130423,"#444340"
"1288",1288,2013,20130424,"#64605B"
"1289",1289,2013,20130425,"#63615E"
"1290",1290,2013,20130426,"#666461"
"1291",1291,2013,20130427,"#5E5C5A"
"1292",1292,2013,20130428,"#67645F"
"1293",1293,2013,20130429,"#434441"
"1294",1294,2013,20130430,"#646361"
"1295",1295,2013,20130501,"#62625F"
"1296",1296,2013,20130502,"#60605B"
"1297",1297,2013,20130503,"#5F615A"
"1298",1298,2013,20130504,"#5D5E57"
"1299",1299,2013,20130505,"#61635B"
"1300",1300,2013,20130506,"#5E6056"
"1301",1301,2013,20130507,"#5F6153"
"1302",1302,2013,20130508,"#3F4135"
"1303",1303,2013,20130509,"#474C3A"
"1304",1304,2013,20130510,"#464936"
"1305",1305,2013,20130511,"#676C66"
"1306",1306,2013,20130512,"#454E37"
"1307",1307,2013,20130513,"#424930"
"1308",1308,2013,20130514,"#3E4631"
"1309",1309,2013,20130515,"#464D35"
"1310",1310,2013,20130516,"#5A653C"
"1311",1311,2013,20130517,"#515C34"
"1312",1312,2013,20130518,"#4C5630"
"1313",1313,2013,20130519,"#747870"
"1314",1314,2013,20130520,"#566339"
"1315",1315,2013,20130521,"#5A6B3B"
"1316",1316,2013,20130522,"#4B5A3E"
"1317",1317,2013,20130523,"#5A6552"
"1318",1318,2013,20130524,"#3C4B2D"
"1319",1319,2013,20130525,"#4A553D"
"1320",1320,2013,20130530,"#445A31"
"1321",1321,2013,20130531,"#4D6634"
"1322",1322,2013,20130601,"#465F35"
"1323",1323,2013,20130602,"#496134"
"1324",1324,2013,20130603,"#486036"
"1325",1325,2013,20130604,"#4A6238"
"1326",1326,2013,20130605,"#4B6238"
"1327",1327,2013,20130606,"#404E33"
"1328",1328,2013,20130607,"#757A70"
"1329",1329,2013,20130608,"#4B5D33"
"1330",1330,2013,20130609,"#485B31"
"1331",1331,2013,20130610,"#384732"
"1332",1332,2013,20130611,"#3B4B33"
"1333",1333,2013,20130612,"#3D4E32"
"1334",1334,2013,20130613,"#6C7365"
"1335",1335,2013,20130614,"#3E5036"
"1336",1336,2013,20130615,"#46613D"
"1337",1337,2013,20130616,"#3E5037"
"1338",1338,2013,20130617,"#3E5132"
"1339",1339,2013,20130618,"#425335"
"1340",1340,2013,20130619,"#465E3E"
"1341",1341,2013,20130620,"#3C4F3A"
"1342",1342,2013,20130621,"#455636"
"1343",1343,2013,20130622,"#465837"
"1344",1344,2013,20130623,"#4B5F3B"
"1345",1345,2013,20130624,"#485C3B"
"1346",1346,2013,20130625,"#475B3B"
"1347",1347,2013,20130626,"#374533"
"1348",1348,2013,20130627,"#364636"
"1349",1349,2013,20130628,"#435535"
"1350",1350,2013,20130629,"#364736"
"1351",1351,2013,20130630,"#46573B"
"1352",1352,2013,20130701,"#666E61"
"1353",1353,2013,20130702,"#2B352D"
"1354",1354,2013,20130703,"#3A4732"
"1355",1355,2013,20130704,"#445433"
"1356",1356,2013,20130705,"#445536"
"1357",1357,2013,20130706,"#425233"
"1358",1358,2013,20130707,"#394831"
"1359",1359,2013,20130708,"#3F4F35"
"1360",1360,2013,20130709,"#3E4D3A"
"1361",1361,2013,20130710,"#53624C"
"1362",1362,2013,20130711,"#354232"
"1363",1363,2013,20130712,"#415136"
"1364",1364,2013,20130713,"#717874"
"1365",1365,2013,20130714,"#455337"
"1366",1366,2013,20130715,"#45523A"
"1367",1367,2013,20130716,"#505A44"
"1368",1368,2013,20130717,"#515A45"
"1369",1369,2013,20130718,"#565E47"
"1370",1370,2013,20130719,"#57604C"
"1371",1371,2013,20130720,"#505746"
"1372",1372,2013,20130721,"#434A3B"
"1373",1373,2013,20130722,"#40483B"
"1374",1374,2013,20130723,"#3B4335"
"1375",1375,2013,20130724,"#4A513A"
"1376",1376,2013,20130725,"#272C25"
"1377",1377,2013,20130726,"#3B4334"
"1378",1378,2013,20130729,"#494F38"
"1379",1379,2013,20130730,"#4C513D"
"1380",1380,2013,20130731,"#4E513A"
"1381",1381,2013,20130801,"#424944"
"1382",1382,2013,20130802,"#484C38"
"1383",1383,2013,20130803,"#383F33"
"1384",1384,2013,20130804,"#4B513A"
"1385",1385,2013,20130805,"#4D5948"
"1386",1386,2013,20130806,"#4D5239"
"1387",1387,2013,20130807,"#3E4535"
"1388",1388,2013,20130808,"#3B4438"
"1389",1389,2013,20130809,"#6A6D63"
"1390",1390,2013,20130810,"#4E553E"
"1391",1391,2013,20130811,"#4F5943"
"1392",1392,2013,20130812,"#49523C"
"1393",1393,2013,20130813,"#595D54"
"1394",1394,2013,20130814,"#474D38"
"1395",1395,2013,20130815,"#47503D"
"1396",1396,2013,20130816,"#49513A"
"1397",1397,2013,20130817,"#4F563F"
"1398",1398,2013,20130818,"#3C4436"
"1399",1399,2013,20130819,"#43483B"
"1400",1400,2013,20130820,"#515742"
"1401",1401,2013,20130821,"#5B624E"
"1402",1402,2013,20130822,"#434B3F"
"1403",1403,2013,20130823,"#4C523D"
"1404",1404,2013,20130824,"#4C5647"
"1405",1405,2013,20130825,"#505A49"
"1406",1406,2013,20130826,"#424838"
"1407",1407,2013,20130827,"#4D533E"
"1408",1408,2013,20130828,"#50563C"
"1409",1409,2013,20130829,"#3D4434"
"1410",1410,2013,20130830,"#47503D"
"1411",1411,2013,20130831,"#434A42"
"1412",1412,2013,20130901,"#444C42"
"1413",1413,2013,20130902,"#3E4638"
"1414",1414,2013,20130903,"#343A30"
"1415",1415,2013,20130904,"#505A4C"
"1416",1416,2013,20130905,"#3F4437"
"1417",1417,2013,20130906,"#464E3E"
"1418",1418,2013,20130907,"#4B513F"
"1419",1419,2013,20130909,"#4A4D39"
"1420",1420,2013,20130911,"#5C6555"
"1421",1421,2013,20130913,"#3B4134"
"1422",1422,2013,20130914,"#545B43"
"1423",1423,2013,20130915,"#3F4434"
"1424",1424,2013,20130916,"#42483A"
"1425",1425,2013,20130917,"#4C5345"
"1426",1426,2013,20130918,"#545A4C"
"1427",1427,2013,20130919,"#565B4D"
"1428",1428,2013,20130920,"#585A49"
"1429",1429,2013,20130921,"#414538"
"1430",1430,2013,20130922,"#2D322B"
"1431",1431,2013,20130923,"#545948"
"1432",1432,2013,20130924,"#525748"
"1433",1433,2013,20130925,"#515647"
"1434",1434,2013,20130926,"#4B4D3A"
"1435",1435,2013,20130927,"#393C30"
"1436",1436,2013,20130928,"#565641"
"1437",1437,2013,20130929,"#484A3D"
"1438",1438,2013,20130930,"#444539"
"1439",1439,2013,20131001,"#62604B"
"1440",1440,2013,20131002,"#64614C"
"1441",1441,2013,20131003,"#524F3E"
"1442",1442,2013,20131004,"#474840"
"1443",1443,2013,20131005,"#44453C"
"1444",1444,2013,20131006,"#838484"
"1445",1445,2013,20131007,"#3F4034"
"1446",1446,2013,20131008,"#5B5C4A"
"1447",1447,2013,20131009,"#4C4B3B"
"1448",1448,2013,20131010,"#353830"
"1449",1449,2013,20131011,"#3C3C30"
"1450",1450,2013,20131012,"#625F4B"
"1451",1451,2013,20131013,"#5F5D4B"
"1452",1452,2013,20131014,"#524E3D"
"1453",1453,2013,20131015,"#424236"
"1454",1454,2013,20131016,"#424034"
"1455",1455,2013,20131017,"#433F35"
"1456",1456,2013,20131018,"#665E48"
"1457",1457,2013,20131019,"#5B5442"
"1458",1458,2013,20131020,"#645D4B"
"1459",1459,2013,20131021,"#655E4C"
"1460",1460,2013,20131022,"#454339"
"1461",1461,2013,20131023,"#524C3D"
"1462",1462,2013,20131024,"#393931"
"1463",1463,2013,20131025,"#46443B"
"1464",1464,2013,20131026,"#696454"
"1465",1465,2013,20131027,"#3F3E36"
"1466",1466,2013,20131028,"#626057"
"1467",1467,2013,20131029,"#655D4F"
"1468",1468,2013,20131030,"#41403A"
"1469",1469,2013,20131031,"#898A8A"
"1470",1470,2013,20131101,"#3C3C35"
"1471",1471,2013,20131102,"#635C4E"
"1472",1472,2013,20131103,"#595347"
"1473",1473,2013,20131104,"#665E54"
"1474",1474,2013,20131105,"#5E584A"
"1475",1475,2013,20131106,"#3D3C37"
"1476",1476,2013,20131107,"#615F5A"
"1477",1477,2013,20131108,"#3A3B37"
"1478",1478,2013,20131109,"#49463F"
"1479",1479,2013,20131110,"#282926"
"1480",1480,2013,20131111,"#43423B"
"1481",1481,2013,20131112,"#444445"
"1482",1482,2013,20131113,"#6C6561"
"1483",1483,2013,20131114,"#5C564D"
"1484",1484,2013,20131115,"#655E53"
"1485",1485,2013,20131116,"#6C655B"
"1486",1486,2013,20131117,"#8A8B8C"
"1487",1487,2013,20131118,"#666155"
"1488",1488,2013,20131119,"#6B675C"
"1489",1489,2013,20131120,"#6E665C"
"1490",1490,2013,20131121,"#45443F"
"1491",1491,2013,20131122,"#646561"
"1492",1492,2013,20131123,"#676157"
"1493",1493,2013,20131124,"#615F5E"
"1494",1494,2013,20131125,"#6B645D"
"1495",1495,2013,20131126,"#3E3F3C"
"1496",1496,2013,20131127,"#6F6F6B"
"1497",1497,2013,20131128,"#65605B"
"1498",1498,2013,20131129,"#645E54"
"1499",1499,2013,20131130,"#635D54"
"1500",1500,2013,20131201,"#6C665D"
"1501",1501,2013,20131202,"#464541"
"1502",1502,2013,20131203,"#6B645A"
"1503",1503,2013,20131204,"#7F7768"
"1504",1504,2013,20131205,"#80807F"
"1505",1505,2013,20131206,"#423F35"
"1506",1506,2013,20131207,"#7C7469"
"1507",1507,2013,20131208,"#56544D"
"1508",1508,2013,20131209,"#828282"
"1509",1509,2013,20131210,"#838382"
"1510",1510,2013,20131211,"#80868C"
"1511",1511,2013,20131212,"#6B747F"
"1512",1512,2013,20131213,"#9D9895"
"1513",1513,2013,20131214,"#73787D"
"1514",1514,2013,20131215,"#7A8084"
"1515",1515,2013,20131216,"#938F8D"
"1516",1516,2013,20131217,"#787877"
"1517",1517,2013,20131218,"#959291"
"1518",1518,2013,20131219,"#9A9998"
"1519",1519,2013,20131220,"#999898"
"1520",1520,2013,20131221,"#8F8C8A"
"1521",1521,2013,20131222,"#6E644F"
"1522",1522,2013,20131223,"#787774"
"1523",1523,2013,20131224,"#7B7263"
"1524",1524,2013,20131225,"#7A7266"
"1525",1525,2013,20131226,"#7D7C7A"
"1526",1526,2013,20131227,"#777674"
"1527",1527,2013,20131228,"#81796D"
"1528",1528,2013,20131229,"#5E5544"
"1529",1529,2013,20131230,"#3A3B3A"
"1530",1530,2014,20140106,"#5D5341"
"1531",1531,2014,20140107,"#8C8A8B"
"1532",1532,2014,20140111,"#777674"
"1533",1533,2014,20140112,"#5C5547"
"1534",1534,2014,20140113,"#7A7264"
"1535",1535,2014,20140114,"#7A7875"
"1536",1536,2014,20140115,"#7B7265"
"1537",1537,2014,20140116,"#625847"
"1538",1538,2014,20140117,"#7C7366"
"1539",1539,2014,20140118,"#8A8A8B"
"1540",1540,2014,20140119,"#8F8E8D"
"1541",1541,2014,20140120,"#7E8285"
"1542",1542,2014,20140121,"#72777B"
"1543",1543,2014,20140122,"#818386"
"1544",1544,2014,20140123,"#87898B"
"1545",1545,2014,20140124,"#8A8A8C"
"1546",1546,2014,20140125,"#7F8081"
"1547",1547,2014,20140126,"#7E8285"
"1548",1548,2014,20140127,"#7D7D7F"
"1549",1549,2014,20140128,"#878788"
"1550",1550,2014,20140129,"#85878A"
"1551",1551,2014,20140130,"#898A8C"
"1552",1552,2014,20140131,"#828486"
"1553",1553,2014,20140201,"#7C8086"
"1554",1554,2014,20140202,"#7F7D7C"
"1555",1555,2014,20140203,"#87898B"
"1556",1556,2014,20140204,"#959394"
"1557",1557,2014,20140205,"#75797D"
"1558",1558,2014,20140206,"#8E8E90"
"1559",1559,2014,20140207,"#909093"
"1560",1560,2014,20140208,"#89888A"
"1561",1561,2014,20140209,"#8E8F91"
"1562",1562,2014,20140210,"#75797F"
"1563",1563,2014,20140211,"#949596"
"1564",1564,2014,20140212,"#87898A"
"1565",1565,2014,20140213,"#86898D"
"1566",1566,2014,20140214,"#7B8085"
"1567",1567,2014,20140215,"#7E8489"
"1568",1568,2014,20140216,"#8D9195"
"1569",1569,2014,20140217,"#8C8F94"
"1570",1570,2014,20140218,"#868D94"
"1571",1571,2014,20140219,"#8D8E8E"
"1572",1572,2014,20140220,"#97999B"
"1573",1573,2014,20140221,"#828B92"
"1574",1574,2014,20140222,"#9C9EA1"
"1575",1575,2014,20140223,"#787C80"
"1576",1576,2014,20140224,"#82868A"
"1577",1577,2014,20140225,"#7C8186"
"1578",1578,2014,20140226,"#8C9095"
"1579",1579,2014,20140227,"#787D81"
"1580",1580,2014,20140228,"#9A9B9D"
"1581",1581,2014,20140301,"#989899"
"1582",1582,2014,20140302,"#969595"
"1583",1583,2014,20140303,"#7D8083"
"1584",1584,2014,20140304,"#8F8F90"
"1585",1585,2014,20140305,"#7E8083"
"1586",1586,2014,20140306,"#999898"
"1587",1587,2014,20140307,"#8C8C8E"
"1588",1588,2014,20140308,"#939190"
"1589",1589,2014,20140309,"#71767A"
"1590",1590,2014,20140310,"#737679"
"1591",1591,2014,20140311,"#908F8E"
"1592",1592,2014,20140312,"#737171"
"1593",1593,2014,20140313,"#808386"
"1594",1594,2014,20140314,"#878889"
"1595",1595,2014,20140315,"#848483"
"1596",1596,2014,20140316,"#928F8E"
"1597",1597,2014,20140317,"#828281"
"1598",1598,2014,20140318,"#989593"
"1599",1599,2014,20140319,"#8D8A88"
"1600",1600,2014,20140320,"#908E8E"
"1601",1601,2014,20140321,"#928F8D"
"1602",1602,2014,20140322,"#A29C99"
"1603",1603,2014,20140323,"#7E7977"
"1604",1604,2014,20140324,"#98928E"
"1605",1605,2014,20140325,"#767573"
"1606",1606,2014,20140326,"#888480"
"1607",1607,2014,20140327,"#97918B"
"1608",1608,2014,20140328,"#7E7973"
"1609",1609,2014,20140329,"#625F5A"
"1610",1610,2014,20140330,"#6E6E6A"
"1611",1611,2014,20140331,"#8A8888"
"1612",1612,2014,20140401,"#867F76"
"1613",1613,2014,20140402,"#62605B"
"1614",1614,2014,20140403,"#867F76"
"1615",1615,2014,20140404,"#65615B"
"1616",1616,2014,20140405,"#5E5B57"
"1617",1617,2014,20140406,"#888178"
"1618",1618,2014,20140407,"#635F59"
"1619",1619,2014,20140408,"#787167"
"1620",1620,2014,20140409,"#847D73"
"1621",1621,2014,20140410,"#89837A"
"1622",1622,2014,20140411,"#837C71"
"1623",1623,2014,20140412,"#817B71"
"1624",1624,2014,20140413,"#6B6A65"
"1625",1625,2014,20140414,"#807A6E"
"1626",1626,2014,20140415,"#6A685E"
"1627",1627,2014,20140416,"#84817D"
"1628",1628,2014,20140417,"#7B7A71"
"1629",1629,2014,20140418,"#5D5D55"
"1630",1630,2014,20140419,"#807E74"
"1631",1631,2014,20140420,"#807E73"
"1632",1632,2014,20140421,"#7F7D72"
"1633",1633,2014,20140422,"#838073"
"1634",1634,2014,20140423,"#57594F"
"1635",1635,2014,20140424,"#7E7E72"
"1636",1636,2014,20140425,"#78786C"
"1637",1637,2014,20140426,"#494D44"
"1638",1638,2014,20140427,"#464A41"
"1639",1639,2014,20140428,"#78796C"
"1640",1640,2014,20140429,"#464B43"
"1641",1641,2014,20140430,"#686A65"
"1642",1642,2014,20140501,"#575C4D"
"1643",1643,2014,20140502,"#4A5148"
"1644",1644,2014,20140503,"#4D544B"
"1645",1645,2014,20140504,"#525A51"
"1646",1646,2014,20140505,"#686C5E"
"1647",1647,2014,20140506,"#5A6255"
"1648",1648,2014,20140507,"#595E52"
"1649",1649,2014,20140508,"#7E8080"
"1650",1650,2014,20140509,"#838585"
"1651",1651,2014,20140510,"#576052"
"1652",1652,2014,20140511,"#676F5F"
"1653",1653,2014,20140512,"#676E5E"
"1654",1654,2014,20140513,"#50594A"
"1655",1655,2014,20140514,"#626855"
"1656",1656,2014,20140515,"#828483"
"1657",1657,2014,20140516,"#7B7D7C"
"1658",1658,2014,20140517,"#6B7360"
"1659",1659,2014,20140518,"#6A7461"
"1660",1660,2014,20140519,"#5D6654"
"1661",1661,2014,20140521,"#6D765C"
"1662",1662,2014,20140522,"#676C65"
"1663",1663,2014,20140523,"#44503F"
"1664",1664,2014,20140524,"#3F4A3A"
"1665",1665,2014,20140525,"#616C4E"
"1666",1666,2014,20140526,"#4C5A41"
"1667",1667,2014,20140527,"#606C50"
"1668",1668,2014,20140528,"#45523C"
"1669",1669,2014,20140529,"#646E53"
"1670",1670,2014,20140530,"#6B7456"
"1671",1671,2014,20140531,"#3D4938"
"1672",1672,2014,20140601,"#687256"
"1673",1673,2014,20140602,"#6F7A5C"
"1674",1674,2014,20140603,"#414F3D"
"1675",1675,2014,20140604,"#495641"
"1676",1676,2014,20140605,"#404E3B"
"1677",1677,2014,20140606,"#536146"
"1678",1678,2014,20140607,"#5D694C"
"1679",1679,2014,20140608,"#5F6B4F"
"1680",1680,2014,20140609,"#5B6948"
"1681",1681,2014,20140610,"#44523E"
"1682",1682,2014,20140611,"#50563A"
"1683",1683,2014,20140612,"#777B78"
"1684",1684,2014,20140613,"#636759"
"1685",1685,2014,20140614,"#717C5E"
"1686",1686,2014,20140615,"#677259"
"1687",1687,2014,20140616,"#667056"
"1688",1688,2014,20140617,"#677257"
"1689",1689,2014,20140618,"#54624A"
"1690",1690,2014,20140619,"#667155"
"1691",1691,2014,20140620,"#626D54"
"1692",1692,2014,20140621,"#646F57"
"1693",1693,2014,20140622,"#656F56"
"1694",1694,2014,20140623,"#6C7458"
"1695",1695,2014,20140624,"#798161"
"1696",1696,2014,20140625,"#606955"
"1697",1697,2014,20140626,"#626C58"
"1698",1698,2014,20140627,"#7D856A"
"1699",1699,2014,20140628,"#777E62"
"1700",1700,2014,20140629,"#797F61"
"1701",1701,2014,20140630,"#757B62"
"1702",1702,2014,20140701,"#5E6857"
"1703",1703,2014,20140702,"#6F7459"
"1704",1704,2014,20140703,"#596450"
"1705",1705,2014,20140704,"#4D5A47"
"1706",1706,2014,20140705,"#747D66"
"1707",1707,2014,20140706,"#788169"
"1708",1708,2014,20140707,"#7A836A"
"1709",1709,2014,20140708,"#5B6754"
"1710",1710,2014,20140709,"#7D826B"
"1711",1711,2014,20140710,"#797D64"
"1712",1712,2014,20140711,"#7C836C"
"1713",1713,2014,20140712,"#787E64"
"1714",1714,2014,20140713,"#5F6955"
"1715",1715,2014,20140714,"#56604D"
"1716",1716,2014,20140715,"#465242"
"1717",1717,2014,20140716,"#535F49"
"1718",1718,2014,20140717,"#757E65"
"1719",1719,2014,20140718,"#6E785F"
"1720",1720,2014,20140719,"#495645"
"1721",1721,2014,20140720,"#707A5F"
"1722",1722,2014,20140721,"#7C866A"
"1723",1723,2014,20140722,"#7B8068"
"1724",1724,2014,20140723,"#7F846C"
"1725",1725,2014,20140724,"#717961"
"1726",1726,2014,20140725,"#7D836A"
"1727",1727,2014,20140726,"#535D4B"
"1728",1728,2014,20140727,"#5C674F"
"1729",1729,2014,20140728,"#4F5B4A"
"1730",1730,2014,20140729,"#70785D"
"1731",1731,2014,20140730,"#70785C"
"1732",1732,2014,20140731,"#737A5D"
"1733",1733,2014,20140801,"#4C5948"
"1734",1734,2014,20140802,"#5F6B54"
"1735",1735,2014,20140803,"#6B765E"
"1736",1736,2014,20140804,"#4C594B"
"1737",1737,2014,20140805,"#7C8468"
"1738",1738,2014,20140806,"#777E67"
"1739",1739,2014,20140807,"#606858"
"1740",1740,2014,20140808,"#777D65"
"1741",1741,2014,20140809,"#444E44"
"1742",1742,2014,20140810,"#767D64"
"1743",1743,2014,20140811,"#757C61"
"1744",1744,2014,20140812,"#5C654E"
"1745",1745,2014,20140813,"#4A5442"
"1746",1746,2014,20140814,"#4F5B4B"
"1747",1747,2014,20140815,"#586349"
"1748",1748,2014,20140816,"#727C61"
"1749",1749,2014,20140817,"#727C63"
"1750",1750,2014,20140818,"#6D785F"
"1751",1751,2014,20140819,"#7F836E"
"1752",1752,2014,20140820,"#898C73"
"1753",1753,2014,20140821,"#57604E"
"1754",1754,2014,20140822,"#596250"
"1755",1755,2014,20140823,"#686E57"
"1756",1756,2014,20140824,"#7A8067"
"1757",1757,2014,20140825,"#515D4D"
"1758",1758,2014,20140826,"#7E856B"
"1759",1759,2014,20140827,"#7C836A"
"1760",1760,2014,20140828,"#798266"
"1761",1761,2014,20140829,"#7D856B"
"1762",1762,2014,20140830,"#515D4D"
"1763",1763,2014,20140831,"#454F3F"
"1764",1764,2014,20140901,"#7A8466"
"1765",1765,2014,20140902,"#737E62"
"1766",1766,2014,20140903,"#4A5649"
"1767",1767,2014,20140904,"#788168"
"1768",1768,2014,20140905,"#777F64"
"1769",1769,2014,20140906,"#7A8468"
"1770",1770,2014,20140907,"#757F65"
"1771",1771,2014,20140908,"#747C62"
"1772",1772,2014,20140909,"#626A56"
"1773",1773,2014,20140910,"#7B8069"
"1774",1774,2014,20140911,"#505237"
"1775",1775,2014,20140912,"#798069"
"1776",1776,2014,20140913,"#4C5545"
"1777",1777,2014,20140914,"#787F67"
"1778",1778,2014,20140915,"#838A71"
"1779",1779,2014,20140916,"#4C5649"
"1780",1780,2014,20140917,"#7C8268"
"1781",1781,2014,20140918,"#797F65"
"1782",1782,2014,20140919,"#798069"
"1783",1783,2014,20140920,"#5A6350"
"1784",1784,2014,20140921,"#57604D"
"1785",1785,2014,20140922,"#717962"
"1786",1786,2014,20140923,"#717962"
"1787",1787,2014,20140924,"#686D5B"
"1788",1788,2014,20140925,"#525A4B"
"1789",1789,2014,20140926,"#797E68"
"1790",1790,2014,20140927,"#7E836B"
"1791",1791,2014,20140928,"#7D7F68"
"1792",1792,2014,20140929,"#5E6452"
"1793",1793,2014,20140930,"#676C57"
"1794",1794,2014,20141001,"#54573D"
"1795",1795,2014,20141002,"#6D745B"
"1796",1796,2014,20141003,"#727863"
"1797",1797,2014,20141004,"#686B64"
"1798",1798,2014,20141005,"#6F7562"
"1799",1799,2014,20141006,"#464D45"
"1800",1800,2014,20141007,"#434A44"
"1801",1801,2014,20141008,"#7B7E65"
"1802",1802,2014,20141009,"#777B66"
"1803",1803,2014,20141010,"#646855"
"1804",1804,2014,20141011,"#5B614F"
"1805",1805,2014,20141012,"#6B6E5D"
"1806",1806,2014,20141013,"#5B6252"
"1807",1807,2014,20141014,"#565741"
"1808",1808,2014,20141015,"#4F5344"
"1809",1809,2014,20141016,"#52523C"
"1810",1810,2014,20141017,"#50554B"
"1811",1811,2014,20141018,"#4A4F40"
"1812",1812,2014,20141019,"#6C6F5D"
"1813",1813,2014,20141020,"#555B4E"
"1814",1814,2014,20141021,"#535949"
"1815",1815,2014,20141022,"#535038"
"1816",1816,2014,20141023,"#6F706E"
"1817",1817,2014,20141024,"#565C4E"
"1818",1818,2014,20141025,"#52574C"
"1819",1819,2014,20141026,"#626145"
"1820",1820,2014,20141027,"#68695A"
"1821",1821,2014,20141028,"#676855"
"1822",1822,2014,20141029,"#5E6454"
"1823",1823,2014,20141030,"#54584A"
"1824",1824,2014,20141031,"#4C5146"
"1825",1825,2014,20141101,"#595D4F"
"1826",1826,2014,20141102,"#676958"
"1827",1827,2014,20141103,"#6B6C5A"
"1828",1828,2014,20141104,"#5D5F51"
"1829",1829,2014,20141105,"#54594D"
"1830",1830,2014,20141106,"#757572"
"1831",1831,2014,20141107,"#6C6C5C"
"1832",1832,2014,20141108,"#787968"
"1833",1833,2014,20141109,"#878673"
"1834",1834,2014,20141110,"#5D6156"
"1835",1835,2014,20141111,"#565A53"
"1836",1836,2014,20141112,"#52554C"
"1837",1837,2014,20141113,"#747363"
"1838",1838,2014,20141114,"#666B72"
"1839",1839,2014,20141115,"#8D8983"
"1840",1840,2014,20141116,"#716F69"
"1841",1841,2014,20141117,"#787978"
"1842",1842,2014,20141118,"#878370"
"1843",1843,2014,20141119,"#7D7B6D"
"1844",1844,2014,20141120,"#454D4D"
"1845",1845,2014,20141121,"#8A8573"
"1846",1846,2014,20141122,"#7E7B6D"
"1847",1847,2014,20141123,"#918C78"
"1848",1848,2014,20141124,"#514F43"
"1849",1849,2014,20141125,"#54564D"
"1850",1850,2014,20141126,"#8E8F8F"
"1851",1851,2014,20141127,"#8B9094"
"1852",1852,2014,20141128,"#9F9D9B"
"1853",1853,2014,20141129,"#84898E"
"1854",1854,2014,20141130,"#808488"
"1855",1855,2014,20141201,"#858485"
"1856",1856,2014,20141202,"#71706E"
"1857",1857,2014,20141203,"#89898A"
"1858",1858,2014,20141204,"#8B867D"
"1859",1859,2014,20141205,"#716E69"
"1860",1860,2014,20141206,"#818181"
"1861",1861,2014,20141207,"#7D786E"
"1862",1862,2014,20141208,"#68645E"
"1863",1863,2014,20141209,"#615F58"
"1864",1864,2014,20141210,"#686763"
"1865",1865,2014,20141211,"#92999F"
"1866",1866,2014,20141212,"#989A9C"
"1867",1867,2014,20141213,"#AEABA9"
"1868",1868,2014,20141214,"#A9A6A3"
"1869",1869,2014,20141215,"#94928F"
"1870",1870,2014,20141216,"#898989"
"1871",1871,2014,20141217,"#7A7978"
"1872",1872,2014,20141218,"#767574"
"1873",1873,2014,20141219,"#7E7B79"
"1874",1874,2014,20141220,"#696867"
"1875",1875,2014,20141221,"#868A8E"
"1876",1876,2014,20141222,"#7D7D7E"
"1877",1877,2014,20141223,"#767675"
"1878",1878,2014,20141230,"#767067"
"1879",1879,2014,20141231,"#7A766C"
"1880",1880,2015,20150101,"#80796D"
"1881",1881,2015,20150102,"#968B79"
"1882",1882,2015,20150103,"#625B50"
"1883",1883,2015,20150104,"#86898C"
"1884",1884,2015,20150105,"#827B72"
"1885",1885,2015,20150106,"#7F7F80"
"1886",1886,2015,20150107,"#898785"
"1887",1887,2015,20150108,"#9A9695"
"1888",1888,2015,20150109,"#888F95"
"1889",1889,2015,20150110,"#9D9D9E"
"1890",1890,2015,20150111,"#888E94"
"1891",1891,2015,20150112,"#858585"
"1892",1892,2015,20150113,"#8D8F90"
"1893",1893,2015,20150114,"#7C8288"
"1894",1894,2015,20150115,"#909192"
"1895",1895,2015,20150116,"#6F767E"
"1896",1896,2015,20150117,"#979798"
"1897",1897,2015,20150118,"#7C7C7C"
"1898",1898,2015,20150119,"#7B7A7A"
"1899",1899,2015,20150120,"#8A8988"
"1900",1900,2015,20150121,"#838181"
"1901",1901,2015,20150122,"#727579"
"1902",1902,2015,20150123,"#93918F"
"1903",1903,2015,20150124,"#838C94"
"1904",1904,2015,20150125,"#8E8F91"
"1905",1905,2015,20150126,"#8A9196"
"1906",1906,2015,20150127,"#8C939A"
"1907",1907,2015,20150128,"#95979A"
"1908",1908,2015,20150129,"#A3A2A3"
"1909",1909,2015,20150130,"#8E8E90"
"1910",1910,2015,20150131,"#969798"
"1911",1911,2015,20150201,"#9A9A9A"
"1912",1912,2015,20150202,"#808589"
"1913",1913,2015,20150203,"#A4A5A7"
"1914",1914,2015,20150204,"#8C9399"
"1915",1915,2015,20150205,"#9FA0A2"
"1916",1916,2015,20150206,"#B2B2B3"
"1917",1917,2015,20150207,"#939597"
"1918",1918,2015,20150209,"#888E94"
"1919",1919,2015,20150210,"#8B9094"
"1920",1920,2015,20150211,"#A3A4A6"
"1921",1921,2015,20150212,"#818284"
"1922",1922,2015,20150213,"#ACAEB1"
"1923",1923,2015,20150214,"#8D9499"
"1924",1924,2015,20150215,"#9E9EA0"
"1925",1925,2015,20150216,"#ABADB0"
"1926",1926,2015,20150217,"#A7A9AC"
"1927",1927,2015,20150218,"#A2A2A4"
"1928",1928,2015,20150219,"#AEAEAE"
"1929",1929,2015,20150220,"#A9A9AA"
"1930",1930,2015,20150221,"#92969A"
"1931",1931,2015,20150222,"#B8B9BB"
"1932",1932,2015,20150223,"#91989F"
"1933",1933,2015,20150224,"#9C9EA1"
"1934",1934,2015,20150225,"#B4B5B5"
"1935",1935,2015,20150226,"#95999E"
"1936",1936,2015,20150227,"#A6A8AB"
"1937",1937,2015,20150228,"#B5B6B9"
"1938",1938,2015,20150301,"#8F969B"
"1939",1939,2015,20150302,"#ABACAC"
"1940",1940,2015,20150303,"#8F9499"
"1941",1941,2015,20150304,"#8F9499"
"1942",1942,2015,20150305,"#8A9196"
"1943",1943,2015,20150306,"#A4A7A8"
"1944",1944,2015,20150307,"#BBBDBF"
"1945",1945,2015,20150308,"#969B9E"
"1946",1946,2015,20150309,"#A8AAAE"
"1947",1947,2015,20150310,"#939699"
"1948",1948,2015,20150311,"#A2A0A0"
"1949",1949,2015,20150312,"#9C9C9B"
"1950",1950,2015,20150313,"#908F8E"
"1951",1951,2015,20150314,"#868685"
"1952",1952,2015,20150315,"#7A7A78"
"1953",1953,2015,20150316,"#8B8884"
"1954",1954,2015,20150317,"#7D7873"
"1955",1955,2015,20150318,"#8F8983"
"1956",1956,2015,20150319,"#8E8983"
"1957",1957,2015,20150320,"#787570"
"1958",1958,2015,20150321,"#95999D"
"1959",1959,2015,20150322,"#9C9A9A"
"1960",1960,2015,20150323,"#9C9896"
"1961",1961,2015,20150324,"#9E9891"
"1962",1962,2015,20150325,"#948E87"
"1963",1963,2015,20150326,"#7F7F80"
"1964",1964,2015,20150327,"#85898D"
"1965",1965,2015,20150328,"#898B8F"
"1966",1966,2015,20150329,"#9D9A99"
"1967",1967,2015,20150330,"#8C8781"
"1968",1968,2015,20150331,"#847F79"
"1969",1969,2015,20150401,"#919090"
"1970",1970,2015,20150402,"#99938A"
"1971",1971,2015,20150403,"#7C7771"
"1972",1972,2015,20150404,"#7B756F"
"1973",1973,2015,20150405,"#676460"
"1974",1974,2015,20150406,"#8A847B"
"1975",1975,2015,20150407,"#5D5A56"
"1976",1976,2015,20150408,"#676057"
"1977",1977,2015,20150409,"#747475"
"1978",1978,2015,20150410,"#6B6A68"
"1979",1979,2015,20150411,"#8F897F"
"1980",1980,2015,20150412,"#86817A"
"1981",1981,2015,20150413,"#89857D"
"1982",1982,2015,20150414,"#6A6660"
"1983",1983,2015,20150415,"#86817A"
"1984",1984,2015,20150416,"#87837A"
"1985",1985,2015,20150417,"#50514F"
"1986",1986,2015,20150418,"#848077"
"1987",1987,2015,20150419,"#74716A"
"1988",1988,2015,20150420,"#666663"
"1989",1989,2015,20150421,"#928F83"
"1990",1990,2015,20150422,"#75746A"
"1991",1991,2015,20150423,"#686963"
"1992",1992,2015,20150424,"#5D5F59"
"1993",1993,2015,20150425,"#7F7F78"
"1994",1994,2015,20150426,"#5C5E59"
"1995",1995,2015,20150427,"#7D7B72"
"1996",1996,2015,20150428,"#797970"
"1997",1997,2015,20150429,"#74746A"
"1998",1998,2015,20150430,"#727267"
"1999",1999,2015,20150501,"#43473F"
"2000",2000,2015,20150502,"#464C49"
"2001",2001,2015,20150503,"#717365"
"2002",2002,2015,20150504,"#717565"
"2003",2003,2015,20150505,"#686E62"
"2004",2004,2015,20150506,"#60685C"
"2005",2005,2015,20150507,"#697062"
"2006",2006,2015,20150508,"#697161"
"2007",2007,2015,20150509,"#4D574A"
"2008",2008,2015,20150510,"#6E7766"
"2009",2009,2015,20150511,"#6E7965"
"2010",2010,2015,20150512,"#6B7564"
"2011",2011,2015,20150513,"#586455"
"2012",2012,2015,20150514,"#7B8572"
"2013",2013,2015,20150515,"#767E69"
"2014",2014,2015,20150516,"#687461"
"2015",2015,2015,20150517,"#7D876D"
"2016",2016,2015,20150518,"#606E5B"
"2017",2017,2015,20150519,"#717D65"
"2018",2018,2015,20150520,"#5A6855"
"2019",2019,2015,20150521,"#6C7862"
"2020",2020,2015,20150522,"#4E5A4D"
"2021",2021,2015,20150523,"#828B77"
"2022",2022,2015,20150524,"#828A75"
"2023",2023,2015,20150525,"#727D6A"
"2024",2024,2015,20150526,"#7E8770"
"2025",2025,2015,20150527,"#62705C"
"2026",2026,2015,20150528,"#808B6F"
"2027",2027,2015,20150529,"#7F8A71"
"2028",2028,2015,20150601,"#666D63"
"2029",2029,2015,20150602,"#586A4F"
"2030",2030,2015,20150603,"#606E5B"
"2031",2031,2015,20150604,"#66745C"
"2032",2032,2015,20150605,"#7B846F"
"2033",2033,2015,20150606,"#747E67"
"2034",2034,2015,20150607,"#7C846D"
"2035",2035,2015,20150608,"#6C7861"
"2036",2036,2015,20150609,"#69755C"
"2037",2037,2015,20150610,"#899378"
"2038",2038,2015,20150611,"#7C866B"
"2039",2039,2015,20150612,"#7E8B71"
"2040",2040,2015,20150613,"#76826D"
"2041",2041,2015,20150614,"#7F8C72"
"2042",2042,2015,20150615,"#5B6A51"
"2043",2043,2015,20150616,"#5B6A55"
"2044",2044,2015,20150617,"#7E896F"
"2045",2045,2015,20150618,"#67755D"
"2046",2046,2015,20150619,"#7B876A"
"2047",2047,2015,20150620,"#6C7961"
"2048",2048,2015,20150621,"#7A896C"
"2049",2049,2015,20150622,"#838F75"
"2050",2050,2015,20150623,"#6E7D63"
"2051",2051,2015,20150624,"#889479"
"2052",2052,2015,20150625,"#7B876D"
"2053",2053,2015,20150626,"#707C64"
"2054",2054,2015,20150627,"#5A6851"
"2055",2055,2015,20150628,"#5C6952"
"2056",2056,2015,20150629,"#596750"
"2057",2057,2015,20150630,"#66735A"
"2058",2058,2015,20150701,"#8E9677"
"2059",2059,2015,20150702,"#818972"
"2060",2060,2015,20150703,"#8A9278"
"2061",2061,2015,20150704,"#6C765B"
"2062",2062,2015,20150705,"#8D8D76"
"2063",2063,2015,20150706,"#7C8469"
"2064",2064,2015,20150707,"#8F9777"
"2065",2065,2015,20150708,"#68755B"
"2066",2066,2015,20150709,"#69755B"
"2067",2067,2015,20150710,"#899577"
"2068",2068,2015,20150711,"#89957A"
"2069",2069,2015,20150712,"#78866A"
"2070",2070,2015,20150713,"#768164"
"2071",2071,2015,20150714,"#7A866A"
"2072",2072,2015,20150715,"#7A876B"
"2073",2073,2015,20150716,"#889379"
"2074",2074,2015,20150717,"#808B70"
"2075",2075,2015,20150718,"#6D7859"
"2076",2076,2015,20150719,"#768469"
"2077",2077,2015,20150720,"#5D6C57"
"2078",2078,2015,20150721,"#8B977B"
"2079",2079,2015,20150722,"#838F70"
"2080",2080,2015,20150723,"#859173"
"2081",2081,2015,20150724,"#526050"
"2082",2082,2015,20150725,"#515F4B"
"2083",2083,2015,20150726,"#59674D"
"2084",2084,2015,20150727,"#899477"
"2085",2085,2015,20150728,"#8B967A"
"2086",2086,2015,20150729,"#858D74"
"2087",2087,2015,20150730,"#8B9275"
"2088",2088,2015,20150731,"#889177"
"2089",2089,2015,20150802,"#899174"
"2090",2090,2015,20150803,"#8E967C"
"2091",2091,2015,20150804,"#848C72"
"2092",2092,2015,20150805,"#909779"
"2093",2093,2015,20150806,"#7E866C"
"2094",2094,2015,20150807,"#606C5C"
"2095",2095,2015,20150808,"#4F5C4D"
"2096",2096,2015,20150809,"#898F75"
"2097",2097,2015,20150810,"#888F74"
"2098",2098,2015,20150811,"#6D7166"
"2099",2099,2015,20150812,"#828C71"
"2100",2100,2015,20150813,"#8B947A"
"2101",2101,2015,20150814,"#8F977D"
"2102",2102,2015,20150815,"#8F967A"
"2103",2103,2015,20150816,"#556351"
"2104",2104,2015,20150817,"#596758"
"2105",2105,2015,20150818,"#91997C"
"2106",2106,2015,20150819,"#8B9378"
"2107",2107,2015,20150820,"#90977B"
"2108",2108,2015,20150821,"#8E987C"
"2109",2109,2015,20150822,"#848E73"
"2110",2110,2015,20150823,"#899173"
"2111",2111,2015,20150824,"#8B9478"
"2112",2112,2015,20150825,"#5E6855"
"2113",2113,2015,20150826,"#959C81"
"2114",2114,2015,20150827,"#697360"
"2115",2115,2015,20150828,"#8D9378"
"2116",2116,2015,20150829,"#7E856F"
"2117",2117,2015,20150830,"#656E5A"
"2118",2118,2015,20150831,"#848B72"
"2119",2119,2015,20150901,"#7C8571"
"2120",2120,2015,20150902,"#92987D"
"2121",2121,2015,20150903,"#878C72"
"2122",2122,2015,20150904,"#767D66"
"2123",2123,2015,20150905,"#888E76"
"2124",2124,2015,20150906,"#8D9179"
"2125",2125,2015,20150907,"#8E927B"
"2126",2126,2015,20150908,"#94977F"
"2127",2127,2015,20150909,"#95977E"
"2128",2128,2015,20150910,"#636954"
"2129",2129,2015,20150911,"#8F9479"
"2130",2130,2015,20150912,"#575F4F"
"2131",2131,2015,20150913,"#757B68"
"2132",2132,2015,20150914,"#676E5A"
"2133",2133,2015,20150915,"#818671"
"2134",2134,2015,20150916,"#7F856F"
"2135",2135,2015,20150917,"#838873"
"2136",2136,2015,20150918,"#838873"
"2137",2137,2015,20150919,"#8D9077"
"2138",2138,2015,20150920,"#757A66"
"2139",2139,2015,20150921,"#797D67"
"2140",2140,2015,20150922,"#6B705F"
"2141",2141,2015,20150923,"#787B68"
"2142",2142,2015,20150924,"#7E816E"
"2143",2143,2015,20150925,"#797B67"
"2144",2144,2015,20150926,"#787B68"
"2145",2145,2015,20150927,"#757765"
"2146",2146,2015,20150928,"#777865"
"2147",2147,2015,20150929,"#8A8B74"
"2148",2148,2015,20150930,"#676B64"
"2149",2149,2015,20151001,"#6C7467"
"2150",2150,2015,20151002,"#616756"
"2151",2151,2015,20151003,"#70735D"
"2152",2152,2015,20151004,"#757A6B"
"2153",2153,2015,20151005,"#878A75"
"2154",2154,2015,20151006,"#727768"
"2155",2155,2015,20151007,"#858774"
"2156",2156,2015,20151008,"#596058"
"2157",2157,2015,20151009,"#767762"
"2158",2158,2015,20151010,"#74786B"
"2159",2159,2015,20151011,"#777A6C"
"2160",2160,2015,20151012,"#7B7D6F"
"2161",2161,2015,20151013,"#6F7265"
"2162",2162,2015,20151015,"#75776A"
"2163",2163,2015,20151016,"#7B7C6C"
"2164",2164,2015,20151017,"#646962"
"2165",2165,2015,20151018,"#747463"
"2166",2166,2015,20151019,"#7A7C6E"
"2167",2167,2015,20151020,"#888774"
"2168",2168,2015,20151021,"#747668"
"2169",2169,2015,20151022,"#727366"
"2170",2170,2015,20151023,"#767668"
"2171",2171,2015,20151024,"#767768"
"2172",2172,2015,20151025,"#78745D"
"2173",2173,2015,20151026,"#757466"
"2174",2174,2015,20151027,"#817F6F"
"2175",2175,2015,20151028,"#6B6751"
"2176",2176,2015,20151029,"#6A6753"
"2177",2177,2015,20151030,"#7D7A6C"
"2178",2178,2015,20151031,"#7E7C6D"
"2179",2179,2015,20151101,"#817F6E"
"2180",2180,2015,20151102,"#8E8A77"
"2181",2181,2015,20151103,"#8C8875"
"2182",2182,2015,20151104,"#8F8A77"
"2183",2183,2015,20151105,"#85816F"
"2184",2184,2015,20151106,"#7D7D71"
"2185",2185,2015,20151107,"#7D7C6E"
"2186",2186,2015,20151108,"#928D78"
"2187",2187,2015,20151109,"#8B8775"
"2188",2188,2015,20151110,"#6E6957"
"2189",2189,2015,20151111,"#797978"
"2190",2190,2015,20151112,"#7B7A75"
"2191",2191,2015,20151113,"#72736A"
"2192",2192,2015,20151114,"#7C7C70"
"2193",2193,2015,20151115,"#8A8776"
"2194",2194,2015,20151116,"#8F8A77"
"2195",2195,2015,20151117,"#858272"
"2196",2196,2015,20151118,"#8B8674"
"2197",2197,2015,20151119,"#74716B"
"2198",2198,2015,20151120,"#898574"
"2199",2199,2015,20151121,"#878373"
"2200",2200,2015,20151122,"#64645A"
"2201",2201,2015,20151123,"#878374"
"2202",2202,2015,20151124,"#8B8574"
"2203",2203,2015,20151125,"#8E8776"
"2204",2204,2015,20151126,"#838073"
"2205",2205,2015,20151127,"#898375"
"2206",2206,2015,20151128,"#726A58"
"2207",2207,2015,20151129,"#898273"
"2208",2208,2015,20151130,"#908A79"
"2209",2209,2015,20151201,"#746B57"
"2210",2210,2015,20151202,"#7A756A"
"2211",2211,2015,20151203,"#535757"
"2212",2212,2015,20151204,"#747570"
"2213",2213,2015,20151205,"#8D8677"
"2214",2214,2015,20151206,"#8A8475"
"2215",2215,2015,20151207,"#8D8677"
"2216",2216,2015,20151208,"#787467"
"2217",2217,2015,20151209,"#76736A"
"2218",2218,2015,20151210,"#9C927D"
"2219",2219,2015,20151211,"#968B77"
"2220",2220,2015,20151212,"#807C72"
"2221",2221,2015,20151213,"#75746F"
"2222",2222,2015,20151214,"#7C7B7B"
"2223",2223,2015,20151215,"#6F6D64"
"2224",2224,2015,20151216,"#8A8374"
"2225",2225,2015,20151217,"#78746D"
"2226",2226,2015,20151218,"#74736D"
"2227",2227,2015,20151219,"#9E947F"
"2228",2228,2015,20151220,"#878072"
"2229",2229,2015,20151221,"#838078"
"2230",2230,2015,20151222,"#7C7974"
"2231",2231,2015,20151223,"#747167"
"2232",2232,2015,20151224,"#8E8470"
"2233",2233,2015,20151225,"#78766D"
"2234",2234,2015,20151226,"#6B6C66"
"2235",2235,2015,20151227,"#716A5D"
"2236",2236,2015,20151228,"#585751"
"2237",2237,2015,20151229,"#9F9F9E"
"2238",2238,2015,20151230,"#909091"
"2239",2239,2015,20151231,"#868583"
"2240",2240,2016,20160101,"#918F8E"
"2241",2241,2016,20160102,"#878584"
"2242",2242,2016,20160103,"#848281"
"2243",2243,2016,20160104,"#817F7E"
"2244",2244,2016,20160105,"#938F8A"
"2245",2245,2016,20160106,"#98948E"
"2246",2246,2016,20160107,"#898177"
"2247",2247,2016,20160108,"#8F8B82"
"2248",2248,2016,20160109,"#7D7A76"
"2249",2249,2016,20160110,"#79756E"
"2250",2250,2016,20160111,"#999183"
"2251",2251,2016,20160112,"#908A7E"
"2252",2252,2016,20160113,"#9EA4AC"
"2253",2253,2016,20160114,"#BCBDBF"
"2254",2254,2016,20160115,"#918F8D"
"2255",2255,2016,20160116,"#858586"
"2256",2256,2016,20160117,"#857F76"
"2257",2257,2016,20160118,"#8D949D"
"2258",2258,2016,20160119,"#9F9D9A"
"2259",2259,2016,20160120,"#969390"
"2260",2260,2016,20160121,"#96938F"
"2261",2261,2016,20160122,"#848280"
"2262",2262,2016,20160123,"#828180"
"2263",2263,2016,20160124,"#9D9A98"
"2264",2264,2016,20160125,"#918D86"
"2265",2265,2016,20160126,"#878279"
"2266",2266,2016,20160127,"#8E8A85"
"2267",2267,2016,20160128,"#636565"
"2268",2268,2016,20160129,"#8A8C8E"
"2269",2269,2016,20160130,"#868078"
"2270",2270,2016,20160131,"#948C80"
"2271",2271,2016,20160201,"#7F7C74"
"2272",2272,2016,20160202,"#90887C"
"2273",2273,2016,20160203,"#7C7874"
"2274",2274,2016,20160204,"#7E7871"
"2275",2275,2016,20160205,"#9FA3A8"
"2276",2276,2016,20160206,"#9C9C9B"
